Title,Author,Author_id,ISBN,Average Rating, Publication Year,Image_link
"Speaker for the Dead (Ender's Saga, #2)",Orson Scott Card,1,812550757,2,1986,"data:image/jpeg;base64,/9j/4AAQSkZJRgABAQAAAQABAAD/2wCEAAkGBwgHBgkIBwgKCgkLDRYPDQwMDRsUFRAWIB0iIiAdHx8kKDQsJCYxJx8fLT0tMTU3Ojo6Iys/RD84QzQ5OjcBCgoKDQwNGg8PGjclHyU3Nzc3Nzc3Nzc3Nzc3Nzc3Nzc3Nzc3Nzc3Nzc3Nzc3Nzc3Nzc3Nzc3Nzc3Nzc3Nzc3N//AABEIAFwAXAMBIgACEQEDEQH/xAAbAAACAwEBAQAAAAAAAAAAAAAEBQIDBgEAB//EADsQAAIBAwIDBgQDBwMFAQAAAAECAwAEERIhBTFBBhMiUWFxgZGhsRQyYiNCUnLB0fCCkuElY3Oy8Rb/xAAaAQACAwEBAAAAAAAAAAAAAAABBAACAwUG/8QAJxEAAgICAAQFBQAAAAAAAAAAAAECEQMhBBIxUQUTIiNBMmFxocH/2gAMAwEAAhEDEQA/AMp2mX/qz4H7i5+QpYO8iMcikqx8SsOmCR9xTPtEzDiknhx4V+wrguoRw23hkhWWXxkM+cKNR8iOfl6V3G2oqlZgo22GvdRC4sOIS4UmB9YA3JGAAB7lvlSaSMyySywxSaAxZsjOkZzucYo9YHmxPcqCqoAsYOMDUoAwOQwxI9qM0NaW37M6ntxMqJ/EMgZ+AOcUopxxPW3+hpwlNb6C+0thOFuZ7tsgjOV1lcuVG526VfLBJKjvcT3UkYgSUF321Hpyx1qi2KCwu1LgMdGkZ3OGztVrXMGZNTEK1skeoLyIxz+VHIpqTr4KwcOVWWxh7e8WzgubiMaiq6sMOZAIHwoZLe5hlE1q48Sa1ZcLtkAjB8iRt6ir+/hk4nFcLIdBcuxb90ZJHw/vV0SqtusU41okLmTT+p1OPkKo5yik638l1CMnQI1zDM0dvxFGjELtkxjG555Hv5UcXFvFA64CC+fGOWnLD7UAyKeHTSSDVIHD5xvpyFOD71XfRSWRe2Lhoi2Qw5Ej06Hf61fkjN8q19g24q2VXcBgu5o8YCuQPQdPpiqCpPVRR/GGV5o7iJtUcyA6vUbH+lACmsTbxqxPIqmxr2n34s/oij6UqAKnUOY896cdpCTxebAxgL9qVHVg+1Xj9KsjTseS6TcXqq2qR1iYqBy3Xb16UHf3pa5PckqY5XKyA887bfAVHiWtb92UkEqh8J/SBQZU+R+VK4eHWpsYy5XuKF3EuILbl4jG5yo0uPOk7cRmY/mxtv1z861c3DzNEDNChQ7AyED7nNZW+su7umS3JlTAKsBkNkdMc+o28qx4pTTu9GcKLIuL3STQu0z4iUInhBwPbrWlteJNexq6MAzfnVTkH3zzpDwHhgvLpu/ZEjhILhs5O/LHw5VrMWkSFY1Lk8yBjH+e1ThYSfqfQu5aokJGuhPENKCW3caM7FtyCB71bxGJp1uwF3/EoUz/ACDNVrZ3KBZ1sZTgaw+NQxzB2r3EJ7uMoktu9sxJY6h+c4AyPTatXhamnDoXWVNNSBWsmjixLJy30gbb/wCCqAoH7g+NSZ2b8zE+9eGacSFZb6APHO0EkXHLqO4hDhWA1LseQqdrxOzusBZQrn92TwmnXa3gPDZuMXDGLS7aSWRiP3R8KzU/ZUEE211jyEq/1H9qQi88F3QxQ/YxhmkupGVWO7Khcjy2G+NqlEyoSURZARsZFII9htg1m4LTtBwpS1vmWFeao2tf9vP5UTbdpFVhFxGCS2k/jCagP9J3q8eIitS0AYcQjxZzMZGhTSdTLWLeBo8p3kLK2DlZAelaTtK0N7w78TaXokEbAGNG2IPUjoayYBPXb3pXiZ80yGj4ILt+I5DWreHBXWHwo5hADt/hrZ8Jt4nkzpaScA5jaJXQL57kb18/7O2DX/EUgS7Ns+lmVwMnIHIY6mtzHbtEio1wXwB4nAJNbcK7i0AcGwAcILaPUfEFa2XB29G2/wDtRm4SyWb6rdWKxkd41qM4/izqz65pXoO+JNj+mkvae6urC1jNrpVJCVaXHiXyx5dd63m+SPMSkWcZubLhsjL3xlbA0pjDHbmR0rMzcau3clGEa9FA5VXwezHEb9IZHbD5ZmB3O3rWyg4Dw+OML+Cib9TksT9aWUs2fadIDSD+0PEFbilx4FyGx8tqXJxIJjTGmR1IzmgOP3JPGLs/9w1ULO7eKOW3X8RG427k6iPQr+Ycj0pXzcnce58Q3HEmI3GR5EnavS8RSaMxzQQyJ1DoG+9ITK6NpcFT5MMGuNcEA6Tv02yKDyZO5OfF2KOOpYxBXsIxBc6stocjAx5dPhS2K+kVQJEjlz1KjUPY4++aruNP4h3fMoJ5ocb/ABzVZdQ4MevR5Md/pVbFZNN2hik10jeEgxHmWZdQHM7nG9aiz4uslshl7yaUgklIdPX02+tY6GeDDCW3XBU6SuonV03zTbh91CWFtC7aBkozsCfbAX1PXFXjOUehI1ex+eJzMP2VqF/80oX6AGhr3v8AiFu0FxNAkT8wkZYj2JI+1UB48eKYg/ybfeulrfHhncny7sAfej5uSWmzb2iXC+GWnDp+/jlleTSVGojAz8KcrdrjmKTfs8bTZ/0/810OOjDFWjlnHSRPaAO0nh43dgnfvCfnXOB8Sj4fLP3qSvHOmlgmcggbYwR7bn7VztcSO0F0FIOSpwfUCnHCey923DIL9O70TKWyScqAcZOBsP7UtPIoxLcNw/nTpul3EE7XU8jz3Cs0jbs2nGenIbdKq7zJC/StoezF6GfRNbMFAOpWYk5ZlG2MjxKdyAOudjhfx7sxdW1tdzGe2aW1061jclsMQBkY5bj5+1UjnfSSHc/h2OMbxTt9jDXAZJmBYE9dIrsMcUinXMEbOACp3+NVyszMdRJPrUQSDkc61OQFpZSylu4KSaf4XGT8Kus4Z7e5R5U046H+3xoO3XXKoLKo8yAcfA0b3xaLRpx3e3XxD1HLy9d6Kogw/EA7An4Gr7eKW7TNpiXzCuuoe4zkUujvpFUh0hbIxuu/0rzXT3E3e3TjVnfTGAP6YOKuqA7D3Z42ZZFKupwQRgg1ITDH5gP5qEaSBwcTMx6a3Or610RggYZvhvRAX9s+7TtJK2TukZIBx0862/CJLC6snltuERsYUiWWSUIFYlW2JJ5bZJ643r572xY//pLzfloA/wBgo7s/xG8itCIbmWLDAHu3K5wMjOPKk82lZ1vDPVN4/l/w3ncQQqNXB4o5UA70tPHgKuGl1AnAGlxv+r0FCcVaDh9nJb3vCJLaa4gZVYsrLrABDAZwMajv7eRpAl/eo/eLd3AcE+LvDnpn/wBR8hS7jd9dPZ5knkkO+C7lsZAzjPsPlWCd6R18mJ4ovJJ2l+TNFO8lk0DbJPMVF1UHwMSo5kjFRbc15DvTx5V7C7S3gky0s2lQd8jn6CjfwtvDHqW4EsR/NpUEqenrmhmhi7mAhMF4iWOTucihobmSBxJEQrDbK7bdeVEBddQy284RiMMNQYYOQev/ABUGbcajgeWeVSeNRbwyjIMgclei742qlPz6fLlQIELunPA8z1ro0AcmPsQKpJJhOT0H2qrW1GyM/9k="
"The Rook (The Checquy Files, #1)",Daniel O'Malley,2,316098795,1,2012,"data:image/jpeg;base64,/9j/4AAQSkZJRgABAQAAAQABAAD/2wCEAAkGBwgHBgkIBwgKCgkLDRYPDQwMDRsUFRAWIB0iIiAdHx8kKDQsJCYxJx8fLT0tMTU3Ojo6Iys/RD84QzQ5OjcBCgoKDQwNGg8PGjclHyU3Nzc3Nzc3Nzc3Nzc3Nzc3Nzc3Nzc3Nzc3Nzc3Nzc3Nzc3Nzc3Nzc3Nzc3Nzc3Nzc3N//AABEIAFwAXAMBIgACEQEDEQH/xAAcAAACAgMBAQAAAAAAAAAAAAAABgMHAgQFCAH/xAA/EAABAwMDAgMEBQoFBQAAAAABAgMEAAURBhIhMUEHEyIyUWGBFHF0kbEIIzU3UnWhsrPRFRYkNqIzQnOCkv/EABUBAQEAAAAAAAAAAAAAAAAAAAAB/8QAFBEBAAAAAAAAAAAAAAAAAAAAAP/aAAwDAQACEQMRAD8Ao+iiigebH4Uanvtnj3WAiIY8hJU2HH9qiMkdMfCla+2S46fuK7fd4q40lAB2KwQQehBHBHxFWdqybLg+DGjnIUp+Msu4KmXCgnhfcVD4zurnaT0LcpSvMmSYBU86eqyUNKOfmSfnQKWlPDzUeqoi5lriIEUEpDz7gQlZHUJ9/wCFcS/WW4afuTlvu0ZceS3glKuQQehBHBHxFWh4hzZVs8K9DtW+S7GQ6ylxYZWUblBCSCcfFRP11B45rVJtmjpz3qkyLcVOuY5UdrZ/FR++gVdMeG2ptTW/6fboaExT7Dj7oQHMddvc/X0pdvFpnWW4PQLpGcjymjhbasfeD3HxFWn4s3GbaNM6Gj2yU9FaEEObWVlPqShvaT78ZP31D+UMhJvNkkbR5rsD1qA5VhXH4mgS7poW92y5Wi3yGmlSLsEmKltzdnJA9XHHUZrmaisczTt2ftdx8v6Uxt3hpe4DIBHP1GvRq7YmZrjS057hi22Zx9Sj0CiEoGf/AKJ/9a85amuqr5qG43RZJ+lSFuJ3dQkn0j5DA+VBzKKKKAooooL4dh6ZmeEek06tuki3xUq3NrYbKitXr9PCVY4zzilzx3+kNuWCLHZjosLMTFscZc3+YnCc5OOMAIx145zzgZa4/Uro3/yn8F1h4sfq+8PvsB/ptUEvin+rHQf2VP8ASRWPjV/t3Q37tP8AI1WXin+rHQf2Uf0kVj41/wC3dDfu0/yNUHzxt/QWh/3af5Gqm/KF/SGn/sB/GofG39BaH/dp/kaqb8oX9IWD7AfxoLdu0NcjQ81MPic/ZlNNkHBP5s4A+av415Gr0zMupt3iBoplR/NTbW7HVk9MhCh96kJFef8AWdq/wTVV2toRsQxKWGwP2Ccp/wCJFBxqKKKAooooHnUmq7dc/DnT1gjpfE23uFTxUgBGMKHBzz1FY651Xb77pXSlshJfD9qilqQXEAJ3bUJ9PPPsmkiigtPTuvNLzNLQLDrm0vy024/6Z5jnKewOFAjjjuDil7xM1ojWN0jLiRVRbfDa8qM0vG7B6k44HQDA91JtdphFhwfPek59OABx7A3duy8/KgfbNr7Sdy07bLdrqzPy5FqRsjPMjIWkAAA+oHOAkEHIOM0q+JOsDrO/Ca2wqPEYaDMdpRG4J5JJx3JP4Uv3AQQlJhFz2zkL7J2px892/wDhWlQWLrnXcG8XXS9ws7b4ctDaCsPJCcrSpJwOT+zXJ8Ur/atTapVdrMh9DbrCEu+cgJJcTxngntt+6lCigKKKKAooooCip4kOTMWURI7z6xj0tNlZ54HArNcJ5hYE1l5hJ4JW2Rt+OD2oJLZapNzW4I5bShpO9111YQhtPTKienPFMtt0nBZmTol2ukZUpmA495TSXFBGW9yF7gAFYBScDPzqXS1ukKdciqjCQ1JQlubH5IdazlDqFD3EDJHSniI3p5FwjwIkpl64uw/oPlMsB5xTYScpV7QJ2jk5xx7uKCsXNJSnIrUy3TIkxl8LLCErKHXdnt4bVgkjHal08E1d1/sH+ENRn7RblCbDjliKFtqQGQokFZST6vaUSojHfk4qpbhATGSCFZYB2tqxy+ruQP2fjQcuit5uzXNxvzG7fLUjj1pYURz05x3rRoCiiigK+ggHkEjvivlFBauj4EduUp1MEw2piUKiLQtW15GSpG4kq2n0nd2744O7cuNnvU+5RA7tdKdiEPpUHEIb9SwlSCEEIIJ4yTkY91J7DkpUGwsaZjzJSkOea8nZv/1GcbeM7QBuIBwPUTzzVl3C5xY13gW6Q+gyXUeYqOy+VKQvO7arJPIwPd7OOlRS45AuOrLu5YNJqZiW4Pr+kvhe3cBgqOAc7BlPpHVSvrNQ6M0ddtJeKllZuraA2ZDqGXUrGHgGlEqSOuBkZ44JxTerRurbLMbu1ou9qtkeLHKXFvLJDqeSVvekAnv8O1c8Wu+wLxG8RdRX2HdrdByvEFZWNigUYaHCRyRnkd+9VDDP1vOf8Tv8lP2uGuKpYAeLigsAt+ZuB7HGenfvXJ1xpV2MqSiAyhT4cbeQpLKS440MjCSSAnkgEdOSQBmuLL1DoyLqlGrZcHVbM9ckrSpxKEoKkgZRg84CSkYz0NbjuuLJexPkwkzWgwkPLdkqCAjKwE9znnA/tigzgQ5kW3NpuLiG2Y7QbjtIfLnlnIAA4HGcDGffycVV2pojEOOwE28RlPnzWFbiVLZPRS+cZUcHAAwPrp71u7PuWk4cmxJ+mMvFK5TkNxTimCkEJChkkcqUd3HekLWL7MmZGeHmicuOj6clZG1LvcJA6e/HbPQdKDgUUUUBRRRQWtY3NO6ejyW3X/LuLVsUiU+0lWFh1OU4Kf8AuyW/ryc9Kn07qKDIsFylM2ODAWhaPJMf2nHwCrClqyUg4/Gqzl3mVNt8aE+lktxf+msNgLxjGCe4/tWVkvEm1PL8hLTrbgwtl9O9B7g7emeBzQejHpv+b9EORLe+2tLsdTDqR6sp6ZBHOUnA475OCMZX7vZJlh8HLtb3XVKitMp8lKkpBJLoUo8D3k9zkY5qttManudokOyILiUJElthLABDaUknOADwfj8ulW/qy4SLvYZVnmqSWZCUJW6lOF+2Onb+FBwrW/ojVHhxAOppLTUyFFMcLef2vJWkAbkAH1E7U44JIGMUraFZj6eciNXIJ+kS3Urkt7gS0nGGW1pOfaUoK+QqS62G3aOi2qZbmBIlS5CGi9M/OFsEZJQBgA/Eg0nt6hnQvpEgBl+UXPKMiQje5gHIO4989/7Cgd7fqe3DVU2HJtcG2uKQ+2H4yVDz3FYThSQccpKjg8bsdOtJmsYtpMeDcbCnyoTwU0llYwvKFEbj789fupbKypwuL9SvaO45z9dbl3u8u8PIdmFvLaNiEtthCQOvQfHJ+dBoUUUUH//Z"
Breaking The Habit of Being Yourself: How to Lose Your Mind and Create a New One,Joe Dispenza,3,1401938086,1,2012,"data:image/jpeg;base64,/9j/4AAQSkZJRgABAQAAAQABAAD/2wCEAAkGBwgHBgkIBwgKCgkLDRYPDQwMDRsUFRAWIB0iIiAdHx8kKDQsJCYxJx8fLT0tMTU3Ojo6Iys/RD84QzQ5OjcBCgoKDQwNGg8PGjclHyU3Nzc3Nzc3Nzc3Nzc3Nzc3Nzc3Nzc3Nzc3Nzc3Nzc3Nzc3Nzc3Nzc3Nzc3Nzc3Nzc3N//AABEIAFwAXAMBIgACEQEDEQH/xAAbAAACAwEBAQAAAAAAAAAAAAADBQIEBgEAB//EAD0QAAIBAwIEAwQHBgUFAAAAAAECAwAEERIhBRMxQVFhcRQiQoEGIzJUk7HBFXORkqHRcuHi8PEzNENSYv/EABgBAQEBAQEAAAAAAAAAAAAAAAABAgME/8QAHREAAgIDAQEBAAAAAAAAAAAAAAECEQMSITFBBP/aAAwDAQACEQMRAD8A+yWVpbGzgJt4cmNfgHhRvY7X7vD+GKWXKNJDw1EhWbMZOhpCg+wN84NV7PjFwqJbezmSSMGNnYuxZkC6ydKt8TY79zWtbJY7NpagZNvDj/AK97Ja/d4fwxSfiHE55uEXEy2gWFl5TCSTDqW2Pu47E9M74oq8TllltBbwg+0BlUPJpAA7sNJIbYjHbv5NWTZDP2O1+7w/hiuG0tQcezw/yCqCcWnkgW4S1Tk8xI2zN7wLEA4GOg1fOg3Nzdx8XlZIopEhhcrqkK7YQntU1ZbG3sdr93h/DFe9jtfu8P4YqjZcVe6nQLbOIZCQr6X2xnc5UDBx2J7fKrJNejhU5EcXLDyfWc9tYHMPbT+tXVixubW1HW3h/kFd9jtfu8P4YpNfcQuZI7M+yxabiWN4vrt/tKQG222PbPzorX90eJw2+hUYSaZAHypXSTke7nPTw/WmrJshp7Ha/d4fwxQXt7VsMkEBUjIIQHNL+MX0zcKvXWFOQVkh1cw6s7pnGOmrz6b+VNMEKgZVU6RlVOQPTpUao0DhtoriyteauSsa6SCQRt5VL9nWmgIsKqoORo93GwHbyAHyolj/ANlb/ul/Kj1LBmuKeywXzxMloqJHEwhdD9YSzKMbgAgKoBxt6UxllsYpmlRI+erHDspUEgYOGxgnHh4US6sJpriZ47hESeFYpFMWo4Bboc4+I9Qaq/sFBqRZIxHlin1WXBOerE79T2H992jPSsy2c7q6vGYTJHIgWJ9ZA3XCj7X2ThsdM+FX55rcxC/RYntzqSeQjcL0J9AQM+QPhQrm1e0lt54ncskKw6hCZBgZ6qDnfPbpjzo1layScIkgmZleYS5YrgjWzEHHoelHQQCxuLANz2VYmZ25fusAB5HpqPUgb+PQ1amurCLXavg4PvRrGzbk57DuTQpeEvJCLdrkchG1RqI/eB6jJzuAfIetePC5G57vPE8s+nXqgym3/wA6s+HfqM1ODpV4knDFtrhkiQzJEzRlkJVGxqABOwOwOPIVa4LDBLbCfSWk5jkM6EEbkdSMnbuc+tAb6Pq0TQmdWVlOXeLU+ojrqz479M+dNrSAW0CxatWCTnGOpJ/WjargS6Dk4fayOzyQqxbOrPQ5GCcdM42z1xRJh7w9KNQZvtD0rJoBFzf2db8jGvQnXw2z/SoxPfhcSQx7J9rV1bHh50eyIFlb/ul/Ki6xmgKrSXmFPJUtpOVDDGcjv16ZrjtfNGjLGiuGwyZBGPWrLy6aAboeNWgc1XrLnlRowYYGrOR3yahG9/7gkiTHxMGGTt+poySluleaZV21rnzIpQA6+INsYo090nIbO+DgfxxXWkvkyI4VdexdgD88bURZCe4PoaiZyp3NQHdd4yY5QRip3BBwe1cie95irJFGVJOptXQeQ/pXRc7daIs+e9AAje/UrmNGBxqJYZB748v61Zm+0PSpq+ahN9oelAVIZNNpB+7X8hQWuwmSxwBS5eJxmOJM/AoAJ8qrXlwTkI3v9Miu0MdnOU0hlJxKN1O++eleEmnSxBYtuFHh41nYYb2e/igI+qU4Bx0BNaeJkjjaZgMEgKD4dAP4VMirhYu1YBFlZsXchduyJ09cDp86PLHFFKiCFShBJbpjY+VTaSGKJ5m0RooLsx6ADqaylz9MHe45VisKDfHPDEtgeCkAZrMYSl4RtL01EtvCdxF7v/sooPMeNtMraoe0hO6/PuPLrQuD8fW5nawu40jvCuoaWJV9s433Bx2q5KYzME5edXUgdNqOLi6YTTVoEZlikYPtpOPGixXBZckbdiaUcY5i24kiBZozoIHcdVP5j5Ug/bxtFKXRlR2xy1xsfPNdErjZb6fRoHDJkHNekYZHpWf4JxEzwF8nTjNW1vC2SDtmubizRg42naSHbYAZwe1aARO0RlQFiOm2TQYbJo0jlkYgFFGW37Ch65kJ5TEqFyVFenG0kcZpSPWvEJeH36R3QCxynWkh6kgjIrVxSqluybNoOD/Hr/DesNJL7SytdxCTScg4xo38a1lsytDFLHucBGBOQOwPn4VjOk6aNQugH0uUv9GrnlsUUFGcqN9IcE1h7u1gN2t3HKQGRdK6QCCe53G21fTouV/0Gw4K4ZW3yMf2pDxj6BQ391z4btkHwg9V+fetfnyxgqkYyQlJ8MDwm04jB9JuHsjTSNLeIykj4cjOfQZr61fRrztUmoiM6lUdjnIOKDwb6O2vCpFuJZDNcqulZH+Hxx513iVyqOzg7kH/AH/SsZ8qyS4bhFxXSjxBWlVhEVMgbmIoOdQwf758etI7iCObQL4K6K3uZXB3/wA60stvozHESHBLh2bdTntt4/nVS9jtr5VWQIZFxgqCAGxvirhyVxknDYS2vF48zFdSjWEPu7jfwoltcGaLme2QDJPusd18jRX4MrFmVcknIY9RVqP6LIEGtwSd81qUossU6G72qtZwjqDGpI+VLJbDB+sG2538a0duim0gyP8Axr+VRmjTT061wT4ba+mQnt+gKhvLGwprw+NUtCQukHC4z094VZkt4y3SoXq8uCLlkqOYuQO+Tijk6oFhYh7WkqkdMdT4GnJcKmo+FI4mKy7fE+D6VbuZn5Z3+E/lWAmRE/OuGG5UHc52oMwMkqrGBpVhksRjbfpULUfVwqCV5jbkeuPyAqxJaCHJWWQ+8Tvjy8qA4iBriQk9EA267n/TSyaHRcZ05GdvKnFtEEYNks0nUt5f81ycBCzKADWoi2ivbrrAyMYNMCMAelRSNdmxuRRX6j0qWWj/2Q=="
"Daemon (Daemon, #1)",Daniel Suarez,4,451228731,4.16,2006,"data:image/jpeg;base64,/9j/4AAQSkZJRgABAQAAAQABAAD/2wCEAAkGBwgHBgkIBwgKCgkLDRYPDQwMDRsUFRAWIB0iIiAdHx8kKDQsJCYxJx8fLT0tMTU3Ojo6Iys/RD84QzQ5OjcBCgoKDQwNGg8PGjclHyU3Nzc3Nzc3Nzc3Nzc3Nzc3Nzc3Nzc3Nzc3Nzc3Nzc3Nzc3Nzc3Nzc3Nzc3Nzc3Nzc3N//AABEIAFwAXAMBIgACEQEDEQH/xAAbAAACAwEBAQAAAAAAAAAAAAADBQIEBgEAB//EAD0QAAIBAwIEAwQHBgUFAAAAAAECAwAEERIhBRMxQVFhcRQiQoEGIzJUk7HBFXORkqHRcuHi8PEzNENSYv/EABgBAQEBAQEAAAAAAAAAAAAAAAABAgME/8QAHREAAgIDAQEBAAAAAAAAAAAAAAECEQMSITFBBP/aAAwDAQACEQMRAD8A+yWVpbGzgJt4cmNfgHhRvY7X7vD+GKWXKNJDw1EhWbMZOhpCg+wN84NV7PjFwqJbezmSSMGNnYuxZkC6ydKt8TY79zWtbJY7NpagZNvDj/AK97Ja/d4fwxSfiHE55uEXEy2gWFl5TCSTDqW2Pu47E9M74oq8TllltBbwg+0BlUPJpAA7sNJIbYjHbv5NWTZDP2O1+7w/hiuG0tQcezw/yCqCcWnkgW4S1Tk8xI2zN7wLEA4GOg1fOg3Nzdx8XlZIopEhhcrqkK7YQntU1ZbG3sdr93h/DFe9jtfu8P4YqjZcVe6nQLbOIZCQr6X2xnc5UDBx2J7fKrJNejhU5EcXLDyfWc9tYHMPbT+tXVixubW1HW3h/kFd9jtfu8P4YpNfcQuZI7M+yxabiWN4vrt/tKQG222PbPzorX90eJw2+hUYSaZAHypXSTke7nPTw/WmrJshp7Ha/d4fwxQXt7VsMkEBUjIIQHNL+MX0zcKvXWFOQVkh1cw6s7pnGOmrz6b+VNMEKgZVU6RlVOQPTpUao0DhtoriyteauSsa6SCQRt5VL9nWmgIsKqoORo93GwHbyAHyolj/ANlb/ul/Kj1LBmuKeywXzxMloqJHEwhdD9YSzKMbgAgKoBxt6UxllsYpmlRI+erHDspUEgYOGxgnHh4US6sJpriZ47hESeFYpFMWo4Bboc4+I9Qaq/sFBqRZIxHlin1WXBOerE79T2H992jPSsy2c7q6vGYTJHIgWJ9ZA3XCj7X2ThsdM+FX55rcxC/RYntzqSeQjcL0J9AQM+QPhQrm1e0lt54ncskKw6hCZBgZ6qDnfPbpjzo1layScIkgmZleYS5YrgjWzEHHoelHQQCxuLANz2VYmZ25fusAB5HpqPUgb+PQ1amurCLXavg4PvRrGzbk57DuTQpeEvJCLdrkchG1RqI/eB6jJzuAfIetePC5G57vPE8s+nXqgym3/wA6s+HfqM1ODpV4knDFtrhkiQzJEzRlkJVGxqABOwOwOPIVa4LDBLbCfSWk5jkM6EEbkdSMnbuc+tAb6Pq0TQmdWVlOXeLU+ojrqz479M+dNrSAW0CxatWCTnGOpJ/WjargS6Dk4fayOzyQqxbOrPQ5GCcdM42z1xRJh7w9KNQZvtD0rJoBFzf2db8jGvQnXw2z/SoxPfhcSQx7J9rV1bHh50eyIFlb/ul/Ki6xmgKrSXmFPJUtpOVDDGcjv16ZrjtfNGjLGiuGwyZBGPWrLy6aAboeNWgc1XrLnlRowYYGrOR3yahG9/7gkiTHxMGGTt+poySluleaZV21rnzIpQA6+INsYo090nIbO+DgfxxXWkvkyI4VdexdgD88bURZCe4PoaiZyp3NQHdd4yY5QRip3BBwe1cie95irJFGVJOptXQeQ/pXRc7daIs+e9AAje/UrmNGBxqJYZB748v61Zm+0PSpq+ahN9oelAVIZNNpB+7X8hQWuwmSxwBS5eJxmOJM/AoAJ8qrXlwTkI3v9Miu0MdnOU0hlJxKN1O++eleEmnSxBYtuFHh41nYYb2e/igI+qU4Bx0BNaeJkjjaZgMEgKD4dAP4VMirhYu1YBFlZsXchduyJ09cDp86PLHFFKiCFShBJbpjY+VTaSGKJ5m0RooLsx6ADqaylz9MHe45VisKDfHPDEtgeCkAZrMYSl4RtL01EtvCdxF7v/sooPMeNtMraoe0hO6/PuPLrQuD8fW5nawu40jvCuoaWJV9s433Bx2q5KYzME5edXUgdNqOLi6YTTVoEZlikYPtpOPGixXBZckbdiaUcY5i24kiBZozoIHcdVP5j5Ug/bxtFKXRlR2xy1xsfPNdErjZb6fRoHDJkHNekYZHpWf4JxEzwF8nTjNW1vC2SDtmubizRg42naSHbYAZwe1aARO0RlQFiOm2TQYbJo0jlkYgFFGW37Ch65kJ5TEqFyVFenG0kcZpSPWvEJeH36R3QCxynWkh6kgjIrVxSqluybNoOD/Hr/DesNJL7SytdxCTScg4xo38a1lsytDFLHucBGBOQOwPn4VjOk6aNQugH0uUv9GrnlsUUFGcqN9IcE1h7u1gN2t3HKQGRdK6QCCe53G21fTouV/0Gw4K4ZW3yMf2pDxj6BQ391z4btkHwg9V+fetfnyxgqkYyQlJ8MDwm04jB9JuHsjTSNLeIykj4cjOfQZr61fRrztUmoiM6lUdjnIOKDwb6O2vCpFuJZDNcqulZH+Hxx513iVyqOzg7kH/AH/SsZ8qyS4bhFxXSjxBWlVhEVMgbmIoOdQwf758etI7iCObQL4K6K3uZXB3/wA60stvozHESHBLh2bdTntt4/nVS9jtr5VWQIZFxgqCAGxvirhyVxknDYS2vF48zFdSjWEPu7jfwoltcGaLme2QDJPusd18jRX4MrFmVcknIY9RVqP6LIEGtwSd81qUossU6G72qtZwjqDGpI+VLJbDB+sG2538a0duim0gyP8Axr+VRmjTT061wT4ba+mQnt+gKhvLGwprw+NUtCQukHC4z094VZkt4y3SoXq8uCLlkqOYuQO+Tijk6oFhYh7WkqkdMdT4GnJcKmo+FI4mKy7fE+D6VbuZn5Z3+E/lWAmRE/OuGG5UHc52oMwMkqrGBpVhksRjbfpULUfVwqCV5jbkeuPyAqxJaCHJWWQ+8Tvjy8qA4iBriQk9EA267n/TSyaHRcZ05GdvKnFtEEYNks0nUt5f81ycBCzKADWoi2ivbrrAyMYNMCMAelRSNdmxuRRX6j0qWWj/2Q=="
"Vengeful (Villains, #2)",V.E. Schwab,5,765387522,4.19,2018,"data:image/jpeg;base64,/9j/4AAQSkZJRgABAQAAAQABAAD/2wCEAAkGBwgHBgkIBwgKCgkLDRYPDQwMDRsUFRAWIB0iIiAdHx8kKDQsJCYxJx8fLT0tMTU3Ojo6Iys/RD84QzQ5OjcBCgoKDQwNGg8PGjclHyU3Nzc3Nzc3Nzc3Nzc3Nzc3Nzc3Nzc3Nzc3Nzc3Nzc3Nzc3Nzc3Nzc3Nzc3Nzc3Nzc3N//AABEIAFwAXAMBEQACEQEDEQH/xAAbAAEBAQADAQEAAAAAAAAAAAAABAMBAgUHBv/EADgQAAIBAwICCAMGBQUAAAAAAAECAwAREgQhBTETIkFRYXGBkTJCUiOCkqGisQYUYnLCFTNT0fD/xAAZAQEAAwEBAAAAAAAAAAAAAAAAAgMEAQX/xAA0EQACAQIDBgQEBAcAAAAAAAAAAQIDESFR8DFxgZGhwRJBYfEEIlLRBTLC8hMUI4Kx0uH/2gAMAwEAAhEDEQA/APkdWEDSIgEgi45kd47R7ftXGWU5WeuJYjD5+sN8rfMLdb3Wzea1W0b6c156wx5rHeilTbIyn6ukZfQOR+iQetVs3KX1cel+00elpnbJle2RuSB9XJreF+t96qZLzPV+Fm8YvT8/ut54/HNRINaI0kKqiggA9v8A4CtFCK8NzwvxitU/mPCpYJI9XQ6jpOHxzyMWIW7nvtz/AGqipG07I9z4P4jx/CRqTd8MSbUN8XSXOxzA7RsXHj8qD1qa1rqYassX4vW/S/aPMlmJu3SWY3OYHzG4zt5tig8FNWJGGrLb4sc+/N2juRJM3PI5bm5+rfc+rbeQqaRhqyz1n16Imvfc7k8zVhkOKAUByCQQRzFBsKoWO2HPbC/6fzuvrUGjZSllrL7cSmFrY9EL/D0ant54A+YzjPpVUlmbqTta3Dtzxg+Bbp2sFMRLAWwPawt1fdbqfFarazN1GVrOPDtzWG9EvHIyYo5AwYO7EEDsxGP5CrKL8jJ+L024xmn+Zu3LAtCPpoxECHtiwW22VgAPxC/oaqbu7noKEqEP4ax2PjsS54krsbgRHI9Xoy3zbkIT5tk58AKsS1rkY5y+n0t25u8tyRK7bDoyezDLu3CX/U58xViMNSX08O3eRHKwJsuw7B4Dl/361NIwTlfAzqRWKAUAoDSMjk2y238u31Gx9K40WU2tj1raWI3MuceeZHy3IyPo2L+RNVs305Z6z5Oz3FcR361kO9wOSnLf8Mlj5NVTRvpyxxw7ftljuY1w6VdMhFvtw1vpG+QPkb/lSGFx8X88acH9V92a4M3nfMlicb7lvpuN/wAKfm1RSL6tTxNuWHbDtHqyGZgb5jAG+QHydUZfhSy+bVata3mGpJeeHbPlGy3smnY3PSDE3OQHYfm9hZferEefVlfbrPksCUkkknmamZG7u5xQCgFAKA5BxIPdQ6nZ3Kon8Mrdn1bcvVbjzAqtmuk7evt3WG8rjIF73kHb/WMf8o/zSq2jfTa398O8eqKSqOg6ZiwVg1wfjYAbfeXE1BXvhr2NjUJr+o9jvva/2VjpOxuchmRe4+rfcfeey+SmupFdSWePvjzlZbkRyG3L7Q35j57N/lIfZatWtbjBUdvX37y6IjlPYrZDv77Hn6m59qsR59R+S17mddKxQCgFAKAUBrAxBtkFPIH6d9j6G3vUZFtN21y6/wCSuFjth9nyxB+Q36vor3Xyaq2sz0KUtlsO2XJ4bmWQsbfZJuQMQfkG+JP9pyB9Krfrr3NtObt8qy4ZP+13W6xi7cujJUbYE9mxx9lyc+JFSWBROV/y6y5K8n6skkYbYjAbY/0i1l9l382q1ephqST2Yaw5LqyUm5JAsOwdwqZibu7nFAKAUAoD0NZwv+WignE/SaafSDURy9FYFr4mO19iHBB37L1wHfg/B24np9bOdR0MejEZkIiz6rFrtzFgoUk+FLnUjPgXDjxbiKaITxwPIrBGk+FntZUJ7MiQL9lwaMLabJpJhro9EyMdTIyxtGVxbpGChkse3cHzXsqtq5spyXnrPpjwLtfo4NH0if6gJZEkdJgsJS+NhJiTzBIBHI+G9QZthJyT8Ttn+pccGg/DcuCycTmmIXpJY3QR3XMYFlyvzOQQbfKfMSXoUVavzNSW/v2iScP4W/EtPr9Q2oMS6THpSsJk+LIs2xFlXDc77DwtViwMVRt7da2cCDQaJtamsYOI/wCV0j6kgrfIKVGPPb4ufhXW7FVjtrtCdJq9PAZQ/TwQTBsLYiVFYC197ZflXTh04jpToeJazRFxIdNPJCXC2yxYre3ZyoCegFAUNrdQ3D4+HtJfSxzNMiW5MwAO/dsNu+5oDbh3FJ+HRzxRR6eSOdo2kSZCwOBJXkRtc7g865YIjWRx0tyHMqFHLX3ubk+e1dBbPxLV67XtrtRKX1rFCZRsWdAAjeZxsT2k3qDRfSllrL7Hpa3jWp18ZSRI8Hl6XGNLBpTurnc2vuDaw25VBo2QcV81r5fp+z3GA4tNFw5dDGsLRKZGjd0OYLhVyBva5wJ5bC/ft1IqnK2zWXN3Z50Wumi0eq0kRUQ6no8yQcuoWtbuvkb1ZYxN5HXSaqXSPK0WJEsTQyI4uro3MG1j2A7EcqWOGmu4hPrtZHqpliV40jRViTFQsahV2v3KKA54nxGbieoaeeOCN2kklYQoVDO7FmY3JNzsOfICgI66BQCgFAKA7KbNubA7E0aOp2ZXGzkGz4HE5nuU/HbyO4/uqt28zdCUrOzt9vPltW8xnY732N+XcSOXoLD3qSRnqy1rJYGFSKBQCgFAKAUAoBQCgFAbRspXrb25DvYcvcftUWi6MlbHT/6ZuSW3N7dvee01JFcndnWhEUAoBQCgFAKAUAoDWHTzzhzBBLKI1zfo4y2C95tyHiaA4RZRG8yRuY1IVnxJVSeVzyB7qHYycTu+i1ccPTSaTUpDZW6R4WVbN8JuRax7O+hyxhQCgFAKAUAoBQCgFAen/DnFF4PxnTa2VDJpgTHqov8AkhcYyL49Un1ArjCNP4h4cOE6ufhenk/mItLKZHnTrKQ1hGSRy6hX1ciiDPe/iWNzwXhbQRyoy8B0x1c7/wC0IgDglrfEzkW8gRbeuIkz8ZJG8TmOVHjdfiR1KkeYNSInWgFAKAUAoBQCgFAKAAWBVdlI3A5GgOxdyuBkcr9JY29qA4JLEliSe8m9AcUAoBQCgP/Z"
"Everwild (Skinjacker, #2)",Neal Shusterman,6,1416958630,4.21,2009,"data:image/jpeg;base64,/9j/4AAQSkZJRgABAQAAAQABAAD/2wCEAAkGBwgHBgkIBwgKCgkLDRYPDQwMDRsUFRAWIB0iIiAdHx8kKDQsJCYxJx8fLT0tMTU3Ojo6Iys/RD84QzQ5OjcBCgoKDQwNGg8PGjclHyU3Nzc3Nzc3Nzc3Nzc3Nzc3Nzc3Nzc3Nzc3Nzc3Nzc3Nzc3Nzc3Nzc3Nzc3Nzc3Nzc3N//AABEIAFwAXAMBIgACEQEDEQH/xAAbAAACAwEBAQAAAAAAAAAAAAAFBgMEBwIBAP/EADgQAAIBAgQEAwYEBQUBAAAAAAECAwQRAAUSIQYTMUEiUWEUMnGBkaEjQrHBBxWS0fBiZHKy4TX/xAAbAQABBQEBAAAAAAAAAAAAAAACAQMEBQcGAP/EACgRAAEEAQMCBgMBAAAAAAAAAAEAAgMRIQQSMXGxBSJBQmGBMmLwE//aAAwDAQACEQMRAD8ATcnyvnhSE1fLDRTcOMQbx2tgtwhHQ0dJBNWyRQwudJkkNgG7C/bv9MN3C9OldS1FbLcCoqXeJb9IxsnwuAD88TXuoWoUbQ51JBPDZtsn2wMrcoWMlUUEjqfLG0NllPJGQjA9tvPGdcZZvkmSSrDzIqmbncuWGKUaohbcn9LeeBY/cjmj2pL/AJXqaypfzY9McyZRYe7fzNsOmUVWR5xK8OX1kckigtytJVtI72P7Y5zSjO6RLpUfU4cTAWfy5eBJG1raHDfQ4s1letPPFE0ZJk6G9t7gfv8AbDrQcJT5hC5J5SspCuRex7H1xxW/w+qEVZZq4SG4UCKkZj59NfTbEDVROkeCBa6LwjWx6WB7S/aSR6JKTMPwZpBDflvoCq4JJvb5Ytq/MY2G2lWDX63wxPwXLEiyNXTlHOqwoG23I6a9t9/piF+FXp5NquVrKBf2Q2IA/wCfXEU6SQ8NVyzxzStrfLf0fn4SzUVS0yDUkj6nawW3x74tC1hscQ51DDQzTU1S2vQ8gLabAkXvse/lixGUMa2AtYWxHeKHCs9O/wD0ccgigR9o1HVrPwu1OeWUcxhhIARp1Anb4A4YMjz6N8kmjp61Vqp52BItqTudKg7AhW0+rDGUV1HNTZfS1lU+qKcWVF6rYbfPf7YtVq0tHw1ERWWrKltRp43vtfqRba1rbY6I1VFZeN12FpnE/wDEukySNcr4epVnqBEFRgbpEx6C35jv9cZ1TZFIYoqviNZoErKtY5arTqMQbUQwUbEswIv0FibYg4YpKaTL6mujqZFzGmkRlSFLtDECNcg8/Df/AA40HO5sum4cp8sgqBVJW1lMGklfTzAHUsAfy2VTe1rb98NhoAsJ8uJdRSHmGVZlwNxNRrUDkRRVDGCvWMNzYjYMbdyFPQ+uHLLc5mpuJ6eszWrireHq38Gmqli0KJAV94D3WBNjq69vLA/+Kee0OfGGGOsiFJSRPLaKQSa5GACg28gT98UeLcrmyiGl/lziqp6ukbmLD+ZkK2kZd/ErFdwL2t64QAgZRFzScLZ6iuoWURpKro2pGEQLEbG/u3t0OKbZdl8WmMxsL9PEb7YX+HuNqCehymGrMVJJJSXSPTpTw7MQTttawHqfLE0PFGWPm9SUrYpkVBGjKSyiQXJFxtvcf0nCNaQvPcDlFp6KllZn5bkrdLlz3v8A3OB9Rl9NuHQ79SXOClJaOgRju8l3JJve5vgfUyFpNR3w4CUy8BZdxS8C5tWGdC/4s5FvQEn7DHMTDlJbppGPeLGi9vqzKjMTNKNmC2Bvfc+m2PBpUADoBtihl5PUrR9DgDj8W9kIzOtkfIcspnjEhdCQ5BupOwt++BswmuuViVHZpd9gdL9Pe/bHlJOJnpYKp9EKMSHtfSOpx1OFrPbcx1Kp5+mOO9jbzt8LYvibyFnLRtwf7OFJmZp8sjWljpeTmCNcVkdQ3iXz09r4s0WRz6qGozMStRTjrTkO4AW+m2/mDb4+RwS4c9npcvmhkjTmyxc4vYMZVtsq36WN7+uD0NPSUnD1NTxPAqxosjyq9iTvupHe9/7dsEI7ym3T7RSRs2ySry+aFJBqSeLmLqIUggeJDvuR9+2PI56ijghnmdpYeTPHCrknQxHiFr+Hdr+vW2GPM6Zv51lS10wkpYwkjPM3Qkk6F7W28u2A+dUJlzGtWSrLhbTQjTtZjv3O9h8/TAFhF0nWyhwAKd+F58qyrKMxoJGEhAWSn1W1zxsosQR/r1LttstvVhz7KIUpqaveQxmkJLGwYsNLAkAmxYXJHxPpjGJqeoy+r9l1apCVkjnikJ1IL2tbtff4gY1YVNJUZckqZtNCRTsZRUvG4QC/u7dSR1F9h8iTbIpI+gb5RemzLMRSUUVRTezalBbnLZhGWCqDbo4BuRbt9CE8bBiFF7dTgLkJ9up4p5+bHmEZQT82TUdiGIJv0vY22At08ys8knLN2FmOo22vhSKQXeVmnEhZa2qtHzQalksGA6m3cHzx8oAUC1tsfcQzCKumDIG11TWu+kC1z5Hyx9sCQTbHOzfkepWnaADYM+1vZIDtpZl1bb9PLBjI6H22bkn3IbFyvVrkbXt/lsBcMmQVUlLCQhVRK+q57W264vYgC7KzfVEsjwi9JDDRGiAfXCrSRSHp4ST7w9bYvcwwazTNDVRosaAOoDRrfz7np27DvjyjiSvikppECo4/FVcWzkcDAHmGRw1wZNwbdAR3tt9MTarhVjSXC1TnoaXNAjP7QohYaQzkaj+U2326/pi/mdIIMoqKeKJBGYio2ueh++LcdKhKGVFLIfCRt0xNU6ZIyjHY49QRC6SDV5TWLQwWpWZ1YvzV3IUgDQQTe+3Y+eCeTZTzUUyNUa45ATAToVhcGxHy6Hvhp1Rt4dtXlgTXpDBI8gU62PiINrnp2wIjaDaN0ziEcyycvPJNojGmS2zarWA2vgxUzK/RgSfthH/mMkaaF0gjoB2xA2Z1KKSZjvjxGbSB9ClBxHUGKpqSE1fiyG+srawPcd+3zxyW1G++/ninX1YLIZYebrV3vc+8dh9SbfPE8DmeGOUixdQ1r3645uUeY9StN0UlsaL9rcfQSdUxcmeSM/lNvlh+4aytWyenedTcqTp9CdvtbCNmf/0J7dCf2xpORO0GVwxzvqdAFY3vi9gFOKzzVHdG21ciVI/cRQfPEi7gWN8Qy+NPDupPbvizSwkjcWHbEq1BAKhmkaNSf0wOmr2B0gE/PBeohBUk4AVkNnOm+CBCakD/AEXEmYSK2pQN9rYp1FXUTk3sPgMRS8wOSdzirNPML3vgXOASxxuPBU8ssyr1IGBs80zM2kE9tziCsqHOxGIqKEVbtqk02F8MOfZoKWyHaNzkdUmOgppDBzXsL9dgPET9QMXhGIwEjACKAF+GKE0vslFBoi5w0su/w2++CSG6Lt2GOdmvcep7rUNAWujaP1b2SRKpkr2BI3lCkn42w9Rsyx6eZsRdQdtQwm0sSPK5cEnV1vvhsVzLQsWA2XYfDHQwjlZjqn5aAjtBG5RGY2BF9BwJmz6M8QwQySPFBA7pIdVkY9iR6HvgvTuRCFGwA2thEzaNUzGcKLfiN+pwbrCRlFNM3EcL5TNVPIiya3SKNfFv+W4+G+IYs2R6ek1R8ySchboO/fbCey/hu1yLW2+OLUN+ZSi5FiAP6sBvKUxhN9TR3USGwPkMCK2msTbphnlVW1gjvgPVKPEOuHTnCYArISfXqyk3wNMgRrnb1wyZpEmk+EYV6oWviJL5VZac7hRTekvJy6laaNZFaIMp1b7j/wBxGM7iAtyG+oxFObZZRj/bx/8AUYCNuepwy/SRHJCsIfG9Y3ytIxjgemF//9k="
"Ravage (Scarred Souls, #3)",Tillie Cole,7,1250086299,3,2016,"data:image/jpeg;base64,/9j/4AAQSkZJRgABAQAAAQABAAD/2wCEAAkGBwgHBgkIBwgKCgkLDRYPDQwMDRsUFRAWIB0iIiAdHx8kKDQsJCYxJx8fLT0tMTU3Ojo6Iys/RD84QzQ5OjcBCgoKDQwNGg8PGjclHyU3Nzc3Nzc3Nzc3Nzc3Nzc3Nzc3Nzc3Nzc3Nzc3Nzc3Nzc3Nzc3Nzc3Nzc3Nzc3Nzc3N//AABEIAFwAXAMBIgACEQEDEQH/xAAbAAACAgMBAAAAAAAAAAAAAAAFBgMEAQIHAP/EAEAQAAIBAwMCBAQCBQgLAAAAAAECAwQFEQASIQYxEyJBYRQyUXGBkRUjQnSxByQlNGKhssEXJkNSZYKSs8Lh8f/EABgBAQEBAQEAAAAAAAAAAAAAAAECAAME/8QAJBEAAgIBAwMFAQAAAAAAAAAAAAECESEDEjEEQWEiUXGB8BP/2gAMAwEAAhEDEQA/AOs22nEa5dcsowGB4xz2zpePXcRrK6Cj6av1b8BUSU8stLTo6hlPOPP+P46YqRCqGIJIY17FiOfTHPtjXPbRJ1PTN1fVdNmgdY7xUM1PPEzSOwxnaQ2O3YfX762pJpnXR0lNM6H0/e6K/wBtWvt5cxFijJIu143HBVh6Eaoy9WW6PqyPptll+KePcJcDww2CQhOfmwM6F9FzWy0dFSXZa1qqKcyV1XUMoVmlPLjaOxBGMaTxTdTVVilrB03Ka2erF1Su+NiypHKgR/NgJxt78/hrm5ukd9Pp4ylJPCus4z9nT6++09vvFtttTDMDcN4hnAHhhlGdp5yCfTjXrrfqa23G2294pZqm4SMkaRY8oAyztkjCjQHqD/WroaC62wfzqFUrqXHJWVOSv3+ZdLlF+k+tK6S90KTQxxL4SSK+184yUTPCrk8n17dhq4vc6s5PTUYbmuLT+e37wON/6vounaakmuUUpNXKUVIgCUUd3P8AZHH56Yd6bPE3Lsxu3Z4x9c65LQLe7pX3Co/Qb3ylSCS2I/x0cSrz+sI3DzEnAzj00esM1wufQF0sEyul6oYJKORGYZ+Xycg45BAz64Op/p6mdJdMlBO84vPv48F7/SBTzLPUWyxXm40EDFWrKWBSj47lMsCwH20YvHUtJa+mGv8ANBUvSrHHJ4Yj2yYcgDytjB8w4OlO336kl6LtsFs6lpLBV0UapUx1ESO4KqVZNjkH5ucj6aq3q41t3/kRmrrq/iVc6KzsYwmR8QADgDHbGhTwZ9P6kqpXQxU3VdRVVMMR6V6hhWaRVM0kCBEBONzHf8o7nRt3YHyofx/+aU7LWKldSNN/KLR16FgvwQWmBlJGAuVO7OSO3003kg++usHaPPqx2uiwg7ah8KGijmelpo4mlcySGJAN7n9psdz763Dgeo/DUTSb/KcH2OmjnYBtddbK2eptRt1F4cx8SRBCqiRvUshHJ4HPPbRK91kVsoJKp2kRYVyBCu5ifRVX1J7Y1tDa6Gnmapjp1jlIO7YzAN9xnB/LQC5TVtde4LZb6eGTYglf4h3AWM9ydoOCflXJB7nHA1dK8A2+5Y6FFxHxRqIUioZ8SRRxFAtO37SYXgnPcjjP4nRxGobJaXZEhWjhDOxhjREX68DAznOl7p2zXig6knqJENPQTA+JTRyL8OOMLsQEkHjvhfUYPGPdVTvUPHRFpqeBH3vFGilJF5HmIzwR+zx2z2GdS1bHcwx0tcIai2ztFRR01PDKwjFMoMcikBgyBe+c/TvovHSwJO9THBFHNKB4knhgO4HYE+uPfSv0gJ6C9V9pan/UiJatKjccEuzAoBgAKMccZPOec6aDCrkyPDCJR8rHzcffA0SWTJsA3Q9PfpSN622UUtQTt+MqII8BvQb2GSftoxUxQVVO0NTDDNC2MxugZTjtkHj01z7qDom+Xm6TxvX1EdGhDQVPirgA908JcbsfViM++nqhpnpaKKCWfxyihS5TaW9yM6XGKWDKUnywa1otUMivBZ7fGyEFWSkjBUjsQccHVrxyO4b8tTyADIUDHtodPPIkhCQq4+pZh/AaUkaUm+QmzZ++tBwe/PpqMKVYkZyTzn+HtrcIe5z+esAJ6ruhoLflSQZM9m8x9l9+w/HQTpO5CIyUcjSxV8pEhYMRuyASQmAPLwBwcjHI0e6hWmW2yPWUsdR4WXRW7htpHlPocEjPvoZ40h6fgudTVJJBPLCICqdk8RCWDEk7SEJA+mO3YVeA7hW7X+CmiWFUVq6aMCQ8oAvryefrj6ZycaHdM2aquryXSvbbTsCtHDImX7FfG3HzDv5c87eeCxwepLTT1jCsrGkqQ6grDMBsXjHbHPr3z31JW0tZDcPj6NzKzlUkhc4Xw/b37ke5PodR4QlGhxHU0dSpIMf6mUE/7OTt3+jKg+2dV+oKGrF1F0pqgrIg2J5T5VHLeuPv9R9tFLn4dM++RW8GodYGZP2fEOFb/qPfW1ylhqraQ05ScAqArYy+Pp9Oe57ZB0p5szJaCvFVCZJCsZSQxOuQRvHqD9DwRnHfVplzyNJVVeVoJoke42/xKsrtDxtIjuo7qQw52leBnsMavw3i5zATRU1HWFTjMExU4P1UFvyOttfY1hycYzj11S2+2qUt8lj/AK3a6hGIzsjdWY/YHBOrVuraa60q1dDP4kTEg4BBVh3VgeQw9QedNM1oxXrV+PEsKeTdwTggnvjv7aIVcq00YzkM3YYyfsPfn/1oDT3GtaWBpWGZh5owuNpxhR/YbcQMZPAPPbQ+urvHEUdQJpUhhE7VLy7fh8owdTsXnKEHb6FlI5xjAirXi5VdxMfU8NObLVyAUVPA5d2YEEMzHA/DhcZ741NeXb9AUFBT0wnYlVpaNfJHkeVEBGDtHJznlVPI16rrFaBKeojJXfgtBgY5wXU+gzuyMjDBwDjBO09PHcboUnPhqsS/DqrAAFsgYYHCsFUkEdjk54GVGHi2FTQU/hy+MpjB8TGN59Tj05zxq0OeNJvRl8ee61Vnq/6yqGfyrhTyAXH9l8hsejeIPQadAMa5vBQG6kovjLPVwb2iDQsgZBkkMMYHv2x740kSsbh02Yb3Tw1dTTOI2nmUeDO6nHiH9nkHDA/I4wcZDaf720iU8ZQhR4o3EkAdjjv9W2j8tJ8VujoUuJutuinpa9v1ojKqoY5BOG8rk579x5VG4DOqjwDIOpTPY6VzF0+axmeMioaIMijd5ncqMKoGeSe3f1y1XLp+zVD/ABFTTRq7gLuV/Db2wQRoXZ6mhp6enp36gqEp6cAfDTwxwkADs5CjAHHC7R+GRqtOjXxq/NYWjR2j8GAgeGmfKQy8kMACGGcZOBkHWV2BLcqG32pElp7tKFilV5Y5qoyhUUFnJBORhQxyfpjVm2RSXSCSoNNFTbZ5ItrDcW2sVznj6f3aQpaKus1XVzTiWvVwdswxKzEcxxuO+wHDY+ZioyAM5p1fXN2FZUJDb5Wp438OE0sm8FVAGWbIyxIJPHrq80A6W+o3Rp8dTT0+35p6ZjtEjDcVIYjb6nC/iBwNQ1tdWR26epit9Y1pjhSSFy/mq22gqQiE7FGFJbBJ57c6aog1TTxyNiVWHmTgjGR6HuRgf5anq4Fnj8N1zGc8fTj+4+41LEW6Olt9da1eaGWjVN+whTG0JY8kMcjHsgI4GSdR2vp97o0kYkmgo4JlaKQrzJtxjHockbz3xuI9SAx0lqoYHEi0okcHIkmZpWB9mckjRdZAe301LY0UrVYqC1O0lJCBKylS574JLEfiSSfqe+iZONaA6yckdtSUR1IjkjaORFkRwVZGGQwPpjQFunIo33W2urKPaSfD8UyRH2Kt6ewI0dLnOMahUuSSUxgnHOlYAXammulMh8W0UVzQg7mgbwnY88lTx7cEnShXQdRz1kcdq6dhttMku4OkLmVvrh2dFHvyM49e2upnzjHIz9PTWEjRSq9iPY6dwUJvhXm206tcaZK6DYfEamJaaMcDBGBv458ox6bT3IqpsNhvDJVJBb5hsCE1GFZSP2cFT27en2GuiYCJgqTn19tKN9sNvrbg00lDDIxGCxyv8NXGQNE3SF6gqrbLPNG9NFAu6WWodQoAAJJbOANTwR2i5LP8FfPisI/imnro3MaOBnO0eXhMA/fnPOsdEOTYKQ5ILAMSD3JAJ1LQsR0zcvX+c3Lv+8T6mfIx4Ls1vp6s7JZpFkaILuVlDsgOSe3qSM+nbGDrP6GhaVlNfWBnaSUosyjO8FScYzgZ4P1xycazAoF4pP3GT/HHqyo/p8fuX/nqBKlbZqSqqMtVVMZSBIzFHMANgfcGIIzyRjPqMjVOl/QV0klgt96hq5sM7CnrI5HQM4Y9snG4Ac/Uj10Qcf0zWfuEf+OXUfT9FPT2Siee5VVWr0sW2OdYgsfl9NiKfzJ7axinLT09GZJmrp6amB8aWeeZAobxN48zDA54+xxz6Z+BttVSyVsd1mNI67zMlWpiUAjnPKj5e/8AmBi3WIpu9s3KGx4zjPowVQG+4DMP+Y6rXVt01vBVdpqw7LjhiI5GBP2KqfuB9NJiwkVFdPFuFNdHkhfALwVKNEuwEEAgED5mzznn2GNJrRSBXmNVPEnhkttmAjC7zITgjbjnGSPl4PGdRVfFbdzgZa2KWP8AvHMwyffAxqW6nHS1Yf8Ah7/9s6DEFmrLSRU/oq7RXBhtaURViTlTyB27Zx698aGxXmWsjE/w0UW7IKyS8gg4b05GQRkcHGR30dlo56KJfHudXXFyuDUrENmD6eGi98+uew988p606orOnLuKWip6WSORC5M6sxG13jAGGHG2NfxzrrCNkt0f/9k="
The Collected Stories of Arthur C. Clarke,Arthur C. Clarke,8,312878605,4.3,2000,"data:image/jpeg;base64,/9j/4AAQSkZJRgABAQAAAQABAAD/2wCEAAkGBwgHBgkIBwgKCgkLDRYPDQwMDRsUFRAWIB0iIiAdHx8kKDQsJCYxJx8fLT0tMTU3Ojo6Iys/RD84QzQ5OjcBCgoKDQwNGg8PGjclHyU3Nzc3Nzc3Nzc3Nzc3Nzc3Nzc3Nzc3Nzc3Nzc3Nzc3Nzc3Nzc3Nzc3Nzc3Nzc3Nzc3N//AABEIAFwAXAMBIgACEQEDEQH/xAAbAAACAwEBAQAAAAAAAAAAAAAEBQIDBgEHAP/EAEMQAAIBAgQDBQUDCAgHAAAAAAECAwQRAAUSIQYxQRMiUXGBFGGRobEywdEVFiMkU6KywjNCUnKS4fDyJSZUY8PS8f/EABgBAQEBAQEAAAAAAAAAAAAAAAEAAgME/8QAHBEBAQEBAAMBAQAAAAAAAAAAAAERAiExQRID/9oADAMBAAIRAxEAPwCjI54ouHnWWRAxlTSpNifs4b1ldSuKpRVRMqyRaAHHipNvnfCXI+Hkrcriq6yrMMch0RKo3Jva/wAemCoOD43meCevaObUQiql7r/a59fDHUAuKQzyNKmYU8lOzBY6dH1MvdFzbzX54IzR6CTVmrSxPK0cfYR9oQ4kBJNwPMc/A4lJwhFLmYpoKvuKpaYhP6O3IC5O595/DA+Y8KxwPSSU1U0lNPMsRZl7ykmx9x2uR5YEvzCpo446uohqon9saLRGG7wtsbjpt+GPmp6L84xXyZrRxxEGw7QE7xlbnwHW/p1xGq4OVO0jpK/tKqNQ3ZNHYnw3vtywN+bsIiy9/aZG9rIXZbBbrquPha22JI0sdPTvXD8pUgNQjaHWYDQbm2/juPhjsXYvSCmqswpZjHViZmaoFplOnVuTz+0PXztGsyGjikNNBmGus1oohaw5kbn3BTf0xyuyWGKkqjSVTPJTAdujeV7+7a569RiQVpoXymujSRB+mBijZrMVuLWB3P3YNlkR66lnXMIRTpJCzRCcbkOLki/QfC2FeV0HtrTFn0RQgFyPfew+AJ9MFPlMYq6VY5WenqCLOOYBFx08D9cScrZFio/Z0mjk1zGUiNww+yq9Nv6vzOF4wZVUdNTxyWqQZlt+jPM3t7vA3wKguMFLdcIyQZhlVPQTAhoyDGwHJun1xrsh4cNNWPUVb9pIRYEm+MzwHJSPltNBIRHIj6tdhc+4nHpEbhjdeVtj4415kcrdoFcmplM7RqA0puxwkrslMGWRRBCxSUOPO5/HGsRgCfPEZVVwFO4BBxbvsemLr6eKinrcyUO88cA7g5WHL6b+WEWj9RyA+Mij9xsbXNo4I6iV5ATDLCY3Cj/Xv+OMfXVVJT0mVwtIQ1NOGkshsFsw+8YvzWp1CHid6Khzb22nmZq9J42kgbZdIXy693r1OO5nBFm1BLmeUTyJJo/WIlYjWADswHUC9uhGLc2qcjatbM4qiaSsV0dYtNkbTYW3HUA9cRqc1yinWsraKV3qauML2WmwUgEA8tvfufdzwNgcgW+TZmy87E/uNb6nBUQHsmTN/wByJdyOfZt+GFPDuZQUUlRBWX9nqUAZgL6SLjkOlmPywVPmdGk+XRU8jPSUZBeVhue7pG2xO172HXAQ+dx0yzM6Sk1GtQ8dj3Rp58vLr1wDAbp645mtRHUZjPLC2qNiuk2I5KB9QcVQHunfrjNRzk1X2AjsbY9QyTP42gSOdrGwsTjx+kWWULHDF2jkaho7xA9PMe/DOGrqqWRYpI5Fka2lCtib7bfTHo56mZXn7/nd2PbYauGX7LjF2oHkceSR5rXUiiaWCdFXmzIwt8sPaLiCvkjSWKCZx0ZY2IPwGL88/KxvU+NfXokqMtxfqDjBZ5SorsCtvnjUe2/lOC/ZzU9SB1RhfGZzFqlSRURNp/a6SUPqMbniMedY2ugAva2Fk678gPLGjrqaQL2ixyqH2HdI1XHIeO2FE1DVtKYRS1Bn06xGIjfTvc2te19r449e3p4pYcRBuwBva/O17YLrKKppURqilqIbki8sLJv4Ann44opYZZqiNKeMzSk3Eapq5b7jlb8DfGHVVf1wVTzKsQDQxsfFi1z8Diuso6mikCVcDxM26hhzHuPXFa3AwVNXwFIIKmrq25Q0p6eJv/KcM+KnDcQcPz2uXlRL/wB2RD/McKOFInkyjMViIDzr2Sk9DpP/ALYaZ0jhMgeUDtI6yCNrcgTa/wA1wwNHUZ3N+c0GWgI1PJSmVttwdTD4bAYEyLOJoOI6vJIQiUVMrvGFFjuVOnyGsj0wQlQGzJ6YKqyCBXWQ87FmFvIEA+uMhwVLNLxLUy1N+3eGQyX/ALWtb/PEWvyTN6jMM7zOmkK6aSbQtlttrYDfrsoxRl2Ze2cMTSOAw7+oEXBt7sA8Jn/mfiAeNR/5HwVPmhzXhXMavQI2WORQASbED3gfh54ZcYvOhc5hEmX5e1MwTvRHQzbW0HkcCGZ4OJRJKpVhRlRfn9v/AO4MzWRo8iymewOswg+eg/hjk5EmerG9rey/ZYDbvHDcrM2V9SVjZl+VKPMFU0+sxoSLd0i49Rsb+WE3AcSLR11cw74AUXHIBdR+Nx8MMszjSTL60UUhjdCyG/pffyOF3Dbey5ZWQOh1uzHn0KgA/I4MdJQ+YV8WZcJxPVTRmuWQHTfvX1Fb2/u7+mM6mhV76sSfBrfdhjTZPLNkz16y3CmwhCkse8F29TgALtiwmVDmMcHDstKjutS8msFRa26/1vJTg4Z5TPlNBBMZDUU9RFIx03uFkvzvudOFfD1D7aWLsVhQAPbmbnkPDlz/ABw8rMkoqylmloX/AFhGYkhy+txuVPPc/U4Ikn4jpFz+KtAnEHsnYuClmuW1A2v5fHAWW5vR0XEdZXhZPZplfQAveuzBuXnf5YtOTUJ4bFf+l7c06yX7Ta+3TCvIqGOuzSmp5SWifWZFW4KgKTz9BhBzknEdHQZxmdXMkpjqptaaVF7aid9/ePniqhz6kg4crMudZjLN2mlgu3e5dcF53w7l1LlFRUUiSCaOxBMhYfaAO3lfFPC+SUGZZfJLVpI0gnKDTIV2sp+/AhOWcTZY+VU1Hm9O7mm0lCBcErsD8MDvn9PLnhzCSGVaUwGGNQLnne/hz+7BUvDGVV1I0mUVLB+S/pNaE+B8P9c8d4XyairsoBrYpHZZX2ErKBsvgfcPhiRdBnUKS1/claGeQuihRcC29/DYYpyrMo4m/TLdH+15jrgzh3JqGXJ58yzKNmQaigDle6o35Hqbj0xDhzKKbMaKaoeM6xMVAViABZbDn7zjWiwVJU0UkcFNBAPZg4MiEXDgXPj42PphNmSJLXTPTxCKMkBU5WsAD874cyDKqJJDqQyKCAgkJN8UQTU8kYJ0E+/GpJWOuuoB4bfs8tQ33MzfCy/54hkWcQ5dC6zCVi7hwYwD035kYpyh2/JkG5/pXHPoAmFfIel8Ynp1a8yBeExGOQpFt8Bhbwev/FJJCQBHA1r+JZf88XSuRkG3/SL/AAjF2X0yUGYZlBAWKxvEAWNzYqxxAxNS1Vklel92NUi/43K/y4o4NnEWWve1vam+GlMAZDO8lA6ta3tD/NUJ+pxHhtyMrFutQ1/8EWFGfDEU2XUUi1QEbNJqsSDYAAXuPLBPDlUGoJJFuBJUyML+BsfvworpnmyMSOSGkgRm07XO18SyF2XK4wP2r/RcCH52rU3DCUdObIgRJD4j/dY4lwK4TLpr/tz/AAriitkabKZ9dj+jl/ddrfwjFfCrlKBwORnP8KYkW5vk9XSiSrm0CNpLCz3JJuR9ML4nYKdyN8H57mlXUSmllcGFX1ABRzFxz9ThapsMKf/Z"
"Magician (The Riftwar Saga, #1-2)",Raymond E. Feist,9,586217835,2,1982,"data:image/jpeg;base64,/9j/4AAQSkZJRgABAQAAAQABAAD/2wCEAAkGBwgHBgkIBwgKCgkLDRYPDQwMDRsUFRAWIB0iIiAdHx8kKDQsJCYxJx8fLT0tMTU3Ojo6Iys/RD84QzQ5OjcBCgoKDQwNGg8PGjclHyU3Nzc3Nzc3Nzc3Nzc3Nzc3Nzc3Nzc3Nzc3Nzc3Nzc3Nzc3Nzc3Nzc3Nzc3Nzc3Nzc3N//AABEIAFwAXAMBIgACEQEDEQH/xAAaAAACAwEBAAAAAAAAAAAAAAADBAECBQAH/8QANxAAAgEDAwIEBAMIAQUAAAAAAQIDAAQRBRIhEzEGQVFhFHGBoSIyUhUjQpGx0eHwQxYkYpLB/8QAFwEBAQEBAAAAAAAAAAAAAAAAAQACA//EABoRAQEBAQEBAQAAAAAAAAAAAAARASFBMQL/2gAMAwEAAhEDEQA/APZJIlkjII96C4IUKOAPSga8ly2nk2E7xXO5VQqeDkjuKvpV2t/pdteHjqRBm9j/ABfcGjytI6ZOCecHzqHtxJyw5znNZ/h2S4ur/UjdTSP0pE6abiFRXXcBj5EVryXNpHKsMlzCsrNtCM4BJ9PnTubgxny25Q9sg1yxEgA0/dPDCB15EXPbccZxS04jurKdba8jjdoziZWB6fHDUdWYjotgYqEicZ4OKYheK30+KS4uUZVjXdOzAB+PzfWlL64tdQ0q7Wy1SKAqAGuEcfuj355GOxFU61BdvGKDNbF1xjAzTzPDbwK08igcDc3GT5fU0KK5trpXa3mRxGxV8H8pHcH0oUCVWRFQZ4rmY5oUupWECo8t5bokozGzSABh6j2prYG5Xkeoo2tDXjfhg5/5k/rWNpxNuNV0nsUuR0seUc3PHy/FWlqUjqbYRwSyYmVmKLnCjOT/AIoL6eZPEEGojcEFsVcHj8QP4cj5M1Obzo3C1ssrax4igtJRDLIkHTfGQhKEZx9KX1pYrPSLKxgzJ0LqDqSDsG3Akt7kn581d49QGp6vPa200ZuLZUt5WAxvVT75HfuaHPBe3Ph22gt7CaOS3aOR0lI3yMrAtt55J5OTXTN6y0Imf/q26EpPNonQz+nP4sfXH2rHt7K3bQ/ELtbxMhuLgwuUGSq9sH0DA4+VO3st7NqEJbTkukEe9bbqhXgJOMuexyPp374zUzahLc2l1pTabLbXbWzdKFSpVlI25B4GASKDgemyfE6rpdtJzFa6XHOq+XUbC5+gHHzqfFmmWyaVq970w0k0aMdwB2svAYe+DVUtL61l07Ura0kkkhtFtbm3JUMygd15weaNq66jqelXsaWUkYmiEcULMu/Oclm5wBwMDPrRekzJaquoW+pXM+YoYRHDBt7O3cj1JBwBWfpUYurnxCtxANrzDdHJhuNnGfKjyLfDWLO5NjNLbJamMIGTMUmeScnHI4z6VFrBqVpqOps1mJY7orIJI3GB+HG3BPJz58evtRUF4agifwhbo6ArNAepnnd37/7xRvCjNJ4b01mbJ6AGT7E0TRLW5svDsFpcW0gnhi2FAynccnsc1Hh6zns9GtbW6gdJoU2thlIPPlg0fr5pbuK6reVAuYXl27H24BH3HP2+9ZgFrsg9qWWC4wwMue2Bn3Gft5+9V+ElxEd/4k3knJ5Jzg/elUAWtzbarcXkCpNFcqgdC+1kZRgEeRGPLijRWcj6h8dcbQ6xdKONTkKpOSSfMnA+WKKbaUrGTIDIoOWJ79qhbW4BY9YZPnk+gpBnHNdjNB+HkKgb/wCFg3PfPb+X++3QwzpNl5Cy8HucefH3H8qzFRsVPypRbFhIjGT8pXIHnjH9vua6S1nO8JcspLZByTj5c1Q0zwRx2qhUE9hVYIXi37myGOQP00Tg0xE9dkkhsOrDK8biRFyvoWAP9a5ZZY9Y+FR2eEwF2VuTG2cDnvzzwfSheJNp0plbHMkfB8xvGapHPFpmoXUbsBbTJ8TC2eMgYZQfopA9zURbe4kn1G9tZHKxsga3ZDggAlW+oYfcVXT3luLSG2mml+LhlKTurYJ2nk/JgR/7cdqG6fCy6XdNMWJYxSdsYcZJGB+oLTFmY/25qBUrkpF9SN2f/n2pGu0+aSK9u7eeRmQfvYi5zhMlSM+xH3pRL+e3sNQmZi9x8T04w54Utt2jHoN32oswa4ltZ7bD/vpYJcH/AI2Y5P2BFAnt2uk1aOE7pBdpPGP1EInb6qRSsPXkj6cbR+q7o0qwy72zu3cBvY5x29aHazSw6lLbXEjNDcM/RJJ/Cy91z8uR8jXapjUhZwQEkfEJNIf0KvPPoc4GP7VeWFb61uEhkAnjnMkTfpcHIPy8vqagXnBCaUTLMepclHzM34htc4PPqBTaytBqws2YtFLCZI8nJUggEZ9OQaRklLW2ivKuxxcB5FwTsG1wfpk06I2uNZS6UHowQMgf9TMR29gB396iXuZY49akSedki+ED7TMVGdxBI59Kcs4mhtkQyvLySHc5JBJIyT6AgfSk5xG2uv1RmNrPY2VJX82cZ+RpqymE8TMiuqK5RcgjIHGeaibHarY9KgdqmsJWRxHGzkM2BkhRk0n+2LT4Bb398bYjPU6Z9cdqdb8rfKsHRblBo1haPCzpcM0TEqduDuJ5+VOCNg38IvDaYkM2zftCcFe2c10F9FO86RrIXgIDoUIIz270hI3T8Ux4Vm/7HGFH/nT2nSpcw/FrGUeXgg98KSBn3rQiLXUILq2e5jLLAmcySDaOO/8AKo/aUe633RTKlwdsbsvBJGRnnIyPUVm6Lb/F+HJrYnb1HmXPpljRbO9IaGw1aLp3KkdN/wCCUjsQfI+396jB11u36MUpjnCSzdGM7B+Js445+9MW18lxdTW4ilR4VUtvGPzZx/Ss7XoUig0qOJdqR38IUDyANbHTQStKFAdgFJ9QM4/qaBEk8VWrGq0lw7VOaCCasDWNaiZZEjjZ5GCoByScVneGzG2kwxHbvjJJU915OK0watmqjxjyTRL4nV2cALa7CT2B3Zxmm4L1GvZ4kAW3iQOZNuAWYnPPn/mnc1xqoYOmzS22h3BiRjcRO7iMrgkFsjg+oo2qyR6pZQJZkPM0sbIR3iwwJJ9MDNbGag1UsrxCcrYqoJKXkchCgnCg8mtVXV1DKcgjINdUU1OJqua6ppqj/9k="
Three Kingdoms (4-Volume Boxed Set),Luo Guanzhong,10,7119005901,3,1522,"data:image/jpeg;base64,/9j/4AAQSkZJRgABAQAAAQABAAD/2wCEAAkGBwgHBgkIBwgKCgkLDRYPDQwMDRsUFRAWIB0iIiAdHx8kKDQsJCYxJx8fLT0tMTU3Ojo6Iys/RD84QzQ5OjcBCgoKDQwNGg8PGjclHyU3Nzc3Nzc3Nzc3Nzc3Nzc3Nzc3Nzc3Nzc3Nzc3Nzc3Nzc3Nzc3Nzc3Nzc3Nzc3Nzc3N//AABEIAFwAXAMBIgACEQEDEQH/xAAbAAACAwEBAQAAAAAAAAAAAAAABQQGBwMBAv/EADoQAAIBAwIDBAgEBAcBAAAAAAECAwAEERIhBQYxE0FRsSIyM2FxcoHBFHOh0RVCkfAjU2KCwuHxB//EABkBAAIDAQAAAAAAAAAAAAAAAAAFAQIDBP/EACQRAAICAgEDBAMAAAAAAAAAAAABAhEDMXESIUEEExRRIiPB/9oADAMBAAIRAxEAPwDca8Ne0GgCkXnPTRpmK2ijJGRrYt5YqscV5/4w2RDcrD+VCv8Ayyag31u1zKsSesVyNwO4+NV69s2td2jdNWca++uFZZvyMXhgtItfCOYuNSQvJJxK6kcMdtXv8OlMU5m4yu4v5MHoGRD9qrfBci0k04zqfGrp9amqxaKMsyMdPVOh3NVeSSTdlo44NpUPoubeMg4NwkmTtmIfYVJTnHjCj04rZj74mH3qo3UzwJG8baT20a9AdmcL96+047clj2zsxWZ1zpU4AL77+5KI5cjV2EsONOqLgvPF6FBe0t2PeAWX967w88yM6I/D19IgErP0/SqV+La7ldnDawBqJXAz/ZFdIfbRfOPOj35p0w+Njas2aiiimAsCiiigDHuxSQBxdJDMAAmphvkeB6+H1pHxmFCrFr5JGQHCHGc9/fTO4ZsxogQllUDUgPWkF5cCSMOnZMjjIIQDY/Sl0WNJruNOCEi0kIXUQz4GM5/pXS9Ep4XKkMbRzCB1VUUrhtxsDuN+n0o5d9i2Bn0nqfctiUEdy486q3SfJdK64FUst0Ii8cBMg1AqVZhkOBkAHoRkj3fWvGnkaQCNFyLhASiEkDXg58PRzv8AN8aZATTOkcOS7HCqsasWPwxTdeV+M9l2nZwKSMlW0Bv0GP1qYvq0iJ1HcirLcSxiLTaKmoAMAnQAZx9NxU+ydpGhZl0nXgj4Nj7f+V0ljubWd4rpAki9UaIAiiI5njO3rDoMd9Uk1dUXSdXZstFFFNRMFBoooAxC9OBGR17NfKkF2qooRFCqOgHQU/vd1T8pfIUhvqWR2N5rsPOXsdk2Rn0n/rmp92MSD5aX8vnELHwdvOp12TnPfo76iWnyTHaLpyVwpYbP+ISpmafPZ5Hqp0/XyxUTnDnRuA3/AOBtrITydjrd5GKhCem2Nx1P32phzi0/DeTHXh9wbeWMQxqygk41KCBjptneswHHb28jntOJRpdzxg27G5A/EQtuCgbIPpbjBJ65HvZYsaURTlzNzbfke8PvrLjXCb7VO0d7bv28KXE2pnRhllXPdkMQozg46A4qPB7aL5h50k7G6gTto4CCrZRY5VBVMj0ssR356EHbp304sjn8OT4rXJ6qK61KIw9I/wBXd9/r6NoooortFoUGivD0oAxC79RPyU8hSK9p7d+qn5KeQpFe99K4bG89DrgHsG+dvOp90MtjGMrUDgHsW+dvOp8/rDrjT30S0+SYbRfZuNcPuH4ZYX0Mbw38QkDTFdAYaSowep1Yx7xWW8x28c/Md9I3ZoVllVizl1QDKgRDorHHvA36HNfd5EEmN2UWUhNIEmSFx34qRxSK3WDht9GYJJbuE3U8ZTUryux7QYHQAg4Hcc9KYY31pNM5cmLHijcu98eP4RYJUkhNrdgrH2BHoKAzLnYdd+p656UwsVKfhlPUaQaW2yCe4WaOLsowmkg757se4fDu+NNrZWkuIlQFm1DYfGuX1Mrn0o2wRio9SVGyUUUV3CsK8boa9rxvVNAGJ3cMptUlVCV7JBqG++kdar1302JIz1PU1Y7lLiCOORRIn+EgJGQRgDr4b0lv7ntdXbRI7H+cDS2fptSyI3nL8aGfL+0LnP8AO3nU2Y5ffwqFy77F98ek/nU+59pt4US0+SYbXBxI236VzMEZ0Ar6K+qM7DJycfXeg9tk6dON/W+P7YoInOMNEP8AaT96zVryayjTOigKuFAAHQCnfBWgMYWDC3AILau8Z3x9M/3vSALL/mqPgn/dSbckXEJXIIcYI7t6I9mUmrRslFFFNxKFFFFAEDiPCLLiKkXMI190i7MPr+9Z/wAy/wDz66UNLw0rcr10bJIPs36Vp9FVcIvZeOSUdGJcFtL2GOSNrO4SVZGDK0Lahv4YpoOG8Sncn+HXfgD2DDzFaxRWXsI2+TJeDLouXuMSHbh0g3/mKr5mpEfKvGnUZtY0P+qRftWlUVKwRIfqZmerybxZ1AMlqh7yZG+wqTDyReCSN5LyBdLBiFUtnyq80Vb2olXnmwooorQxP//Z"
Project Hail Mary,Andy Weir,11,593135202,4.52,2021,"data:image/jpeg;base64,/9j/4AAQSkZJRgABAQAAAQABAAD/2wCEAAkGBwgHBgkIBwgKCgkLDRYPDQwMDRsUFRAWIB0iIiAdHx8kKDQsJCYxJx8fLT0tMTU3Ojo6Iys/RD84QzQ5OjcBCgoKDQwNGg8PGjclHyU3Nzc3Nzc3Nzc3Nzc3Nzc3Nzc3Nzc3Nzc3Nzc3Nzc3Nzc3Nzc3Nzc3Nzc3Nzc3Nzc3N//AABEIAFwAXAMBIgACEQEDEQH/xAAcAAACAgMBAQAAAAAAAAAAAAAFBgQHAAMIAgH/xAA9EAACAQIEBAMGAQkJAQAAAAABAgMEEQAFEiEGEzFBIlFhBxQycYGRIxUzQlJVlKGx0RZicoKSwdLw8Rf/xAAaAQACAwEBAAAAAAAAAAAAAAAAAwEEBQIG/8QAJxEAAgICAgAEBwEAAAAAAAAAAAECAxEhEjEEIkGRIzJRYXHR8BP/2gAMAwEAAhEDEQA/AEnO8vrMsm98o5udR3flMJeZD1BIUi36ovezKRfewcb8gzaVGjlpNBLACWk1ALUC1rD17C24+RthloeEZss4ioajLa0mJqyJZaeWJbSJzQxuVFidttQ69CDbDPm8uXcHZhX1ddRw1M2cVp99SQAiCiJZRcdtQDEX6hSNtO1Kudd9enka04MDxvR1+W1EnJf8DXIaaoRg0YH5wAAaulmFgdgRYasaIKM+4GOizAvSOCIg6A6Ab3Xtt20kbWt13DfXUX5Lymg96k94SKskaKdNzJAwNjt1Ok/fHjhOhSkr8xMTiIinlu5UFVYEDURbe1u+M6cXGxVt791/fcen5eWBGpIYYaeOLPNNRFTBgtTcMFF+moWaO3Qgkgi253wIzCho30PSzpKky/hyMB4hfoTYD69+9iPDbYzR46r3OfiPK/eGTWiGnAZ1t8Vrb9+mEviylStr6h2q0nZgvjiQCN9rdCNj6j7dy5SUHmT7/GPbJz83RXeZRI0rxzTapDvyqiSwJG11Y7emltx64EKI6eYh1AUAqyuw1D1H/lsPtLxXnvD1NHl1NPAKZG/DYwI9rncEsCe57/XBH2nceZ5kHF1fleWzUsVLGsehDSRtbUik7kX6nGlW1JaYiWmVTVvyyVB1re6sO3piATc3OJNK2qtpxbYSKP4jHQvF+ZVlHxJWwU3GnD2WRIU00dVSI0kd0U7kjuTf64alg5bOcMZi4/aXLGeAqWXOK6gzivrKstltdQUojVI12kBYbHe4t5/LanMSQdPmErULIguyOHG3cG+A3FmR1WZV35cpnV6zlcmppJGIiq4tiEvvpINyDbtfY74ZKYAyne2+B/EuZvlghPu7y0zgq7xkakYDbY9b9OvXYXO2PJ+EsshL4ft9S/YlLsXEzGegpKPJaycGigkaKlZxci+6xk7WIFwAR2tt4SzHSVs9FVzzLHFpmjBGrxBg27Aja3iB88Aaqio83pyWKyLINOtdw4B+Fh3F+x3Hax3xqo2OXpJRVTu8YJaGZW1EDyIY3Pa/3ve93zs/1zPOJ/ohRxr0J2f8XxQTwU0tJl0VQ+9NVVFCHhV7/CTe4O3p2xXtXxbW19XJUy+5z6gBLBSRGJoSBYlVJ8S7X89+2GrMqUV8LwI9PVo4sYtYVj/lax+18IOe5NDSuI4oJKKpjtZWBU28yDv9f54v+HkpwULEKnHi8xGCl45loqBYqOiyiojUkh6mjEj7m9ibjETMfarnFRM7VGV5BPI4s0j5fdjtbqWwkzVLN43IE3RiBa/zxCY3JJxo1QcNZ0Jk8nqKQxSrIvVWDD6YI8S55V8SZ3U5vmCxLU1GnWIlKr4VCiwJPYDAvGYacBk8SVz8Lrw7KsMlClT7zEzqdcTWsQpv0O+1u5wGxmMwAdQmYI5I88eKqXnLpbe4sb9/+3xDDu1Xo5TaCpbm3Fgbgabdb9/LY/Xc7Kq7m1/6X/2x4jaZqaFPOaWTLmkko5DEjNzzGfzctrBozsQLi/Uev6JxCGaUlXCvuTgpoDaRsUHkR87+mxwcnr6Wthk5UkUoU6ZFVwxQjsbHrfFbZ7lElPWPVZcXiZDqBVuq7bW9P5Y2KIq5cLdSQiTcXldBfNFp6xAJtSut9EiNpZL+R+gwNqM4MES0tZesoh8UTmzL5tGf0G+Wx6EEYkUgoK/KYa+bOIaVUslXE8bGZX6fhoos4PzFt74JUa8E8VsMqWmqcleEKIsxZ+Y8rHrzV6Wv0IOxNtu+lR4ecdP0K87I9ic2SiTiCmo2llnpKoCSGeBLs8Jv49J7ixuOxUjAOePkzSR3voYre1r2OLOnyyTgvIKuPN6mB69feYMtWFtReNwodjb4V2JF+7HCjxlXUNXVRpQ5ZS0ixKuh6ddPMQqD4xc3a569/lbF3AnOxbxmN1NTzVc6QU0TyzSHSkaLdmPkBhypfZdn80HMlko6drbxvIzMD5HSpA++AkR8Zg1xBwxmvDzJ+Uae0Tm0c8bao3+R8/Q2OAuAC4nz5xXoj1y080bPqEg8EZsLpIu3ga1w1tSm/a4w0SV1NUQM9NKssepkYqdrg2IPrhIqkgqo3UAM8wAR2trDAeFCevew39P1SBVDUV2XVJFHymiYkMhGgOL2t5hxt2JHQgC18W3wcbY5hpotKxx7Nmb0sFLXzJl8+mSNSTyhpljU79BbWm/zHzwOXNGliWJ3JdUtzGN9TDvfEvMMwpMxQRTM8FSg8Bayup81YbH6dcAMzJ+M6BJ+noFgT54t1x5JKzs4k8PKPeTiCu4jpI61NMRlvUqGsGRblt/kDiVVcXtUUxpo6GnpIR+bSjURqp33tbc2PUk4DRZ1XwUctHDPogmBWRQi3YG1wWte2w2vgfi/Hy9FeS5dm+asnmcNLLI5UELrYmwPz+eNLu0jFnN2JuSe+POMwEltexnKYBTVObSW57SGGMkDwooUtbyuXUX8gR3xYlVPIgDRDWSNkEyLv26jvt98Vr7H82pXparI6zQSzNMiONpUKjWPW2kG3cXxZAooVYNHTwkkbOsPa4P6391f9IwAec3y2lzeinoashopU0ObgkjoGt5q24PYjyJB5qqoHpqmWCW3Mico1ulwbHHRea1WXZDQVOZVEcMZiS7FE0s921cvqd2a/wDE+uOdKmZ6iolnlN5JXLsR5k3OABwiq1klk1sx8bK8bLsPEbG3kfPz9Sbza2b3mM1CykTBrPJGxBJHQsOhNtr+XntgRm1KaaVq7Lp0kgF7vEbqDfcEdR/hO42IJ3tqzSDMckr5qLM6dqaug0ieLWDsVDC5UkdCD6fyruCluIzlg+ZnOsqOKlUcHoyixJ9R5+owMyiSgOZo2c+8NQ6XMghbxkhTpAv/AHtP0xNmoq6oyWXOUpWOXpUe7tPqW3MIBta9+h62tgCcMhHijmTyMurhJ6HMCseZR1TM5ogzqyqoVdAcjuW1/S3zx9rKfhSWupUoa6tgpuWWnkmiL3NxZdgCCRqvYEXtbvgYuQZk+QPnq0zHLUqBTtN5ORf7dBfzIGBeGHI1unBxylXSXMFrTVeJLXIg5h6badXLt9ca5m4VizCqEUNZPSe73hPOK/jDt8N9J23I2IONeQ8C8S8RUJrclyxqqmDmMyCWNfELXFmYHuMEv/k/HP7Bf94h/wCeABNilkglWWF2SRGDK6GxUjoQe2G6l9pXEUEHKkemqDa3Mmh8X1K2v9cKdRBJTTywTrolico63vZgbEYlZvk9fkz0yZlTmBqmnSpiBZW1RtfS2xPWx264AN2ecQ5pnsokzOqaULfRGAFRL+Sja/r12wKxmMwAGZqumvM0LzQTBWQJIdauv6twAR8jcfLFn+03MuC6fjjNI85yDMKuuXlc6eGt5at+Emmy9rCw+mKcm/Ov/iOPVZUT1U5nqp5Z5n+KSVyzG2wuT6AYjBJaGdVGS1Xscq34dy+ooaUZ2gaKefmEvyxc37C1vtiveGMiq+JM7pcqoFvLO4Ba1xGv6TH0A3xDFTUClNKJ5RTlw5hDnQWt109L+uMoayqoZjLRVM1PIRpLwyFCRfpcdsSQXA82b0ufx5HDwvnb8FxU5y6SIZfLeVCfHUbL8erxA+Q8ziseMeHarhbP6nKqwXMZ1RSWsJYz8LfUfYgjGj+0me/trMf3uT+uIldXVle6vXVc9S6iytNKzkDyFzgAK5NwzxJm9GanJstramm1lC8AJXUOo/iMWD7UeFeJ8xzjLJcqyuvmjjymnikaJTYONVwfUXxV1Nm2ZUMXKoswq6eMm+iGdkF/OwONv9os8/bOY/vT/wBcAECeKSCaSKdSsqMVdW6hhsQcWn7RuFM/zyXh2qyjKaqrgXIaWNpIkuAw1Ej7EffFVu7SMXdizMbkk3JOCCZ9nMUapHm9eiKAFValwAB2G+ACfW8DcUUFJLV1uR1sNPCpeSR49lHmcLuCM2eZvURPDUZrXSxOLMj1LsrD1BOB2AD/2Q=="
Artemis,Andy Weir,11,553448129,3.69,2017,"data:image/jpeg;base64,/9j/4AAQSkZJRgABAQAAAQABAAD/2wCEAAkGBwgHBgkIBwgKCgkLDRYPDQwMDRsUFRAWIB0iIiAdHx8kKDQsJCYxJx8fLT0tMTU3Ojo6Iys/RD84QzQ5OjcBCgoKDQwNGg8PGjclHyU3Nzc3Nzc3Nzc3Nzc3Nzc3Nzc3Nzc3Nzc3Nzc3Nzc3Nzc3Nzc3Nzc3Nzc3Nzc3Nzc3N//AABEIAFwAXAMBIgACEQEDEQH/xAAbAAACAwEBAQAAAAAAAAAAAAABAwACBQQGB//EADgQAAEDAwMCBAMECQUAAAAAAAECAxEABBIFITFBURMiYZEycYEGFBVCIzNSYqGxwdHSJFWClPH/xAAWAQEBAQAAAAAAAAAAAAAAAAAAAgH/xAAZEQEAAwEBAAAAAAAAAAAAAAAAAQIRElH/2gAMAwEAAhEDEQA/APlUmCmTiSCROxImDH1Pue9CpUo1ZTris8nHDnGcrPmjie8dJ4oZqw8PNfh5ZYZHGeJjiYjehVkIKzAoBkrDDNWGWWORieJjifWmW91c2pUbW5uLcqjIsuqRlHEwRPJ96e3aACVIWo+hAFNBZbnKzQQOcniP6UHOvUb9a0Lcv7xa21ZNqVcLJQe4M7H1FN/GtX/3jU/+67/lT2laQ6rC4buLRX7af0qfrEH2Bpl3oDyLb73ZON3dpMeMwrIJPY9Un0IBoOM6zqxBB1fUiDyDeu/5VxlSihKMlYInFM7JnmB0mB7CoU4mFbHtFCg6Df3ptRam+uzbRHgG4X4cdsZiKUgiDkJNUqySe9BWpUqUGujQH/wVGquutobdc8NltR8zhHMDsByf60WmW2RiPi79aNt4n3ZoPLUrFPkBM4g7wKinEpKgmMuTQXgClvYBslz4eoikJuoVDggTzS7l5pZAEqA47UCG23HFKU0nYHYHpXfp1xfaY/8AerZ3wiAQvYELT2UDspPoaFutPhgCDAgwOKu7JTKNz0HQ0Gpe2lpr2nOanpTYZuGAPvdok/q5Oy09cCfqDtvIJ8qpJSog9K1NB1F3S9Wau2kZhJxdbPC0HZSD6Ebf+V0/bDTW7DUyq1JXavJS6wv9ptQlJ9j7zQYNFPFDrRTxQCpUqUGxbqBZR1gR7VV1lKkqKYCjye/pXHavOAYIBJ6V2J8iRI8xPFBwOBadlfl2pVahCVhcpAkdR/Gs5xOKiOfWgbZAF7cTtxWklMVkNrUhQKTFdarshSME7cb9aBj7a0yphPmJEjuK3NbH3r7HaXcKHnt3HbZR9AQtI9nCPpWYIImdzWpenw/sM0FcuX7qk/IIbFB46imhRTQCpUqUDmHPDWFAbiu8PB0LxgBIiCd6ywesTHQ1AqO9BpG4QbcqPxH0rgUZMmrpUlKDt5j/AApY3PPvQGRJiBTnX0KZCEjcQdq5jUG5/nQarZBTBV8JlUVr/bJX3Ky07R+HLVnJ4dnVnNQ+khP/ABqv2cthYsfjmpAeC2f9O0R+udHHzSk7n127x57Urxy+vHbh5RUtaiSSZJmg5aKaFFNAKlSp9KA7iiAFbDY1WpQXUhafiSfnVU79ash1xv4FEfWno1C4RwUz3KB/agFrZXN4rG1YW4f3RsPrW1a6bp+lDx9XeRcPDdNqwqRP76x/JO/qKyHNUvHU4qfVHYHauRSlKMqM0GlrWsv6q8FOQltAxbbSIShI4AA2ArMqVKCUU0KKaAthJVC1FKYMlKcjxtt86ahu1KElx9xKvzANyBz679KRUoGpRb5qyeXiAMSlEzxPtvUbSwWyXHHEuQYSESCd+s/L3qrLgbXKmkOZQmFztv6fKmpuk472tvOwnE9du9BQIYhv9MsFRGYw+HuRvvH0qzjTCSnw7jNO+U4iNhEebfcn26zVVO/o2gltCFI3zSPMTvya7PxNxSX0Fm3laHQV4ebzkqO8/QelTa2NiNc7rNukJ8O4KzO4OKdpO483aPc9qIYtDuq7I37JjpP5uedvSjaagqzSG029u4EvF0KdbkzjjE9usd6snUXVIbRg0lKEtteVMSEGRPr3p1PiuYwhtFspoFx9Yc3lIbkdY3n5e/pVi3awMbhczuC3wJ/tTlaotOSDbWysvEGSkEnzqk9eRAjtXAOKRbUzGHqTbpZlLxU7A8pRtO07z6q6dB3pSeKFFNUx/9k="
Ender's Game Alive the Full-Cast Audioplay,Orson Scott ,1,480595063,4.2,2014,https://placehold.co/600x400
"Everlost (Skinjacker, #1)",Neal Shusterman,6,689872372,3.96,2006,"data:image/jpeg;base64,/9j/4AAQSkZJRgABAQAAAQABAAD/2wCEAAkGBwgHBgkIBwgKCgkLDRYPDQwMDRsUFRAWIB0iIiAdHx8kKDQsJCYxJx8fLT0tMTU3Ojo6Iys/RD84QzQ5OjcBCgoKDQwNGg8PGjclHyU3Nzc3Nzc3Nzc3Nzc3Nzc3Nzc3Nzc3Nzc3Nzc3Nzc3Nzc3Nzc3Nzc3Nzc3Nzc3Nzc3N//AABEIAFwAXAMBIgACEQEDEQH/xAAbAAACAgMBAAAAAAAAAAAAAAAEBgUHAAIDAf/EADgQAAIBAwIEAwYDBwUBAAAAAAECAwAEERIhBQYTMUFRYRQicYGRsSMyoRVScoKSwdIkQmLR8Af/xAAbAQADAQEBAQEAAAAAAAAAAAABAgQDBwAGBf/EACcRAAICAgECBQUBAAAAAAAAAAABAhEDMSESUQQTQWGhFCIyscEF/9oADAMBAAIRAxEAPwCph3pp5HOiS8kLBVjjLN9DSsO9MXKuRHxAD/dHp7UktGMtFkckoWsIopPe6oYgfvAMRWQRmO5lUjEOrBB7jejeUgPYYXXbRCqDA233NDooW5uY/wA5Lkrvgd8VOyWQ18GeNw6wjCeY+dSoFRvB0EcbKF0kYBGc1Jg1tHRRDQPeD8Fz/wAT9qV4IUFvdNj8yEZx/wAaabsfgP8Awn7UrKNCz5LEaCQM+lLITJsRuAq45sgEbYJbGfLamzmxWn4BfMW1HpvhsYzjNKvBfd5zsyMt+KNvPanTmwqeE3Y3/K32oJcDYvyRVN6sg6BSaRAXVTp8jR42GM5oG+kZPZ1XG+Tkxl8Yx4UdUUrpHUMHT5k69v0JK9xTJykCIuIkjbp4+e//AFS4n5h8aYeW36dvxTI/LpH11D+1foy0cynotflSZYbG3LsFQ26ErjOTvQ6sRxC5KqcF2wPPetuU5mK26iPI9mQfLFeWrYv7oM3djgDwOoVgyVjTwmRpBLrUq2rfbFSYqP4cczT/AMVSHiK2RRHRyujiJs+ApZUILe8wM5Hf5UyXRBjbI8M0t9VRb3KnxOM47bGlkJkEfhjEc5cOwcAyL9jTVzWR+zr06jsjfak6zKrzbwvVvrmXI/mIpu5s24VfgfuMMfKgtDYtoq7i0yIkeuMuQjMCJSmAMZ+NHo2UUjtioviS2zkRzFtUcJcbZx6/Haj4JBNBHIgJVlyPCpZL7UdHwTvPPlegqx7yKPWp3gA/B4wPLp5P8z1CQbzJ/FUxwR9KcZTOC4Q5HkHP+VXPRzuWi1eXipXh5VQzG1GQx7YK1yLLFxKQIAMs3Y58a05XmxJYeXspX6FTW/EQI+NTZ2HVP671g9Ej0NHCJg0soZlDHGBnvtUxk6apXjHMNrFzdw+5mgdouFzEsyvgv2zgehHzxV0xMGVSpyCMg+dax0URXAPfEGFs9iKVQ34Fzl+4B0/1VD3v/wBIifnV+BpboLBZTbG4YkN1Rt2/d1e7+tGdfCTpnsu4+tLk4Ey8NWJsLrHzLwgr36yavj1CPtinXmhgbC/UnfQTj5VXAmxzBYux0hJ4vkNQp95qkHsHEWA36Z/vXtIfHw0V3f2aSyJLJMqAlAAT3xnI+eaItIWhtYoiclVAJHjWl/BNOkfSRSFRm3OPe2xj170dGMIMjBx2qWUvtR0rBiis0pKNf0TYm0So3kc0bw+5VZL0Yx18AHPb3s1H1kRCyEkkbeFXtHOmrRYXB+NGz9nlwrdFMaScdxjNHT8XN7O9wy4d5VY4Pbvt+tIFtcMzIGlOgHJzjLVP2MxmOE1sM7DI2FZSiTyhQFflm5gaOSMGPrhGbGRh2JBP9VXbNeXvD+WYZLW0e5vxDFEkQBOJDhctjsoO5PkDVQXtqf2VzBctG6yW1zbkZGPLY+Wxq5baVmtFk6cgDLsFbwopjp8FF8xcAjs+Y7u0lummdJgJLkbZZgCzH4En6U12V8z2ReXaTSY5APNcg0vc62s/CeYbnrKTBdyNNA2xJBOSD6gmvIm9nSRjMeoQAyHsGxg9/vQkrPZUpJEVxKRorpWJAYAEfEVOcX5klvIpouptJsxwP/eNLV1dbYwDq8cbj4Gh2uGkONgCe+dqarHjHlMm+MCVum0AJIhfOPXAx+pqShz0kyf9o+1Lo4vc4Awlbftm4/cj/Wp3im0kfZ4/9bwcJufU+fYja1K79q2rqkOqPqNIiLq0+8Tkn5A1Y3R8elZ5byFHU5xv4jtTHwriVrFHh+pGwAw6HJ+YqCjsppEt3TS3tEhRADuD611jsJX62qe3RIH6bPJJhQfQ49Kzco9xvInL0Jy6uLZxcKb6XoXJ1zxjvIw86YOF83WsNqtq9zdzKB7rM2nQOwA7fLxpBtrWS5mmjjlhAiRnaRm93SO5z5V7NZXESrIGjeNkZ1kjfKkKcNj60OLqxfp5uPVXA3cZ4hb8Rntvap1dNMsY/FORqGzb9jsO3lQDPbTWkPtoZ7oIFkYOpGfMZ8PSlq3E1xMsUK65G7CiLq2urWLqt02izp1xOHAPkcUXSdWBYZyjaXBtd20AdMyELvnGDUe6GPcNnfY4o97C96ZkZYyVTqNHrGsL5470OkEs8Zk6sZCjJDyjKjOO1FSXcfyskeGgb41lesNLFcg4PcHIrynFMoqF19k0dSJG6hOJE1bYHbY0LWUGrDGVExwS8ht4JTMMvC3Vh9G0kVpwu6jisriN7lIppJFYGSIyA475GDUUe1MAs7bTM3RT3YCQPXIGfj61m8ad+5svEyiku1/IDY3SW9zfO0kbF4ZFQ6PdkbwGPKiJrqK8SPRNFD/pXjMLEIiPkdidt/7VpxCCKGzBjQAtbISfM64/8jXK3RF4etwEXqIZ13UEN+C7ZOe+4Hpt8c+eNN2BeIko9PoZw0x2l4yzTxBZYXTqRSBwhPiSPhWOsdpwu5gknjkllkXSkbahgeJ8q6z28ETtphUgT6QDk7a5R9lH0rrBaQG46TRKyRxykZHfEuBnHoaLhbsCz1HpS7/J47RXFv8A665sp1WL3ZlOJgcbKR3OKi7ZlEF0GIUtEAAT3OpTtR9tFDocmCMlbZGGVzv0nbP1AreW3hjhLrEmVmlxkZ2AlIHqPcX6epoKKSoE8/U06Iasrteqsd9cogwiTOqgeADHFca1Mj//2Q=="
"A Darkness At Sethanon (The Riftwar Saga, #4)",Raymond E. Feist,Raymond E. Feist,586066888,4.19,1987,"data:image/jpeg;base64,/9j/4AAQSkZJRgABAQAAAQABAAD/2wCEAAkGBwgHBgkIBwgKCgkLDRYPDQwMDRsUFRAWIB0iIiAdHx8kKDQsJCYxJx8fLT0tMTU3Ojo6Iys/RD84QzQ5OjcBCgoKDQwNGg8PGjclHyU3Nzc3Nzc3Nzc3Nzc3Nzc3Nzc3Nzc3Nzc3Nzc3Nzc3Nzc3Nzc3Nzc3Nzc3Nzc3Nzc3N//AABEIAFwAXAMBIgACEQEDEQH/xAAbAAACAwEBAQAAAAAAAAAAAAAFBgMEBwIBAP/EAD0QAAIBAgUCBAQEAgcJAAAAAAECAwQRAAUGEiETMRQiQWFRcYGRB0KhwRWxFiMkMlJi8BczRFVzgtHh8f/EABgBAAMBAQAAAAAAAAAAAAAAAAABAwIE/8QAIxEAAgECBgIDAAAAAAAAAAAAAAECAxEEEhQhMUETUQUiQv/aAAwDAQACEQMRAD8AzClZeoEl/wB23Bv6Y0KXR+TroiXNmNXLmHgfFKxkGwefYBa3PxxnKjGzRmFfwmEnVvP/AAQjpbfyiX+9f5+mEIXtKaOyfONMpV1njI62aWeGJopBsUpGXBII9rYt1Oj8notPUdZG1aa5moOq4m2qRO4BAAHFuf0wU/DxzLpXLi//ADCrHb08M+L+cdBNH5fIrh5nGUF4iD5B1AFN/W/m+2AZQr9CZNFm2XU8E2Z9F3qYGRqo3BjTcpUgduO3v7YH0mksvqNSQZC01YayPLPEVEgqW8tTYWtf8o3Hj3w9V8u/VGSVDLs6VVXR7E4VrRnzH3474V6ItQ/inXZqpM1JU5S9fTsPzIVU2v8ANT+mEANnyHJqdqlq1cwMUORpmc0UdUdxc3DDkWtYWxHlGmtP5pp+ozKKbM43rPE+EaSqsYuktwpA4c33Hn3wz6ilSm1LntXDT09TGmmAyQTLujkAdiFYfA4D6ZolrtI1BqowaTMfHVPhTytNKhJVom7rwbW+Vrc3AAms9H5PlmmVqqWSpOYU5p+u8s24SLKCbhfy+a/b3x3Do7TsGjos1qkrZ6kUtNWSlZQqlJJNpVQPYHufXBPXmWRjR6+Jl609FJTRwVLr/W9F0v03I/vAHsfl68m9XU9Ofwt/qpy0j5LSIECkDYsnDc/Ek8e2GAka2yzTmV0WWnKqKthqa2mhrA0tT1FCOD5PmCBzhSMgBsjSKvoA3/rDlr6n3jTW0gBciphdmAHY4S2ha/FsFgueqryMRErNx2AvbGg6dq811K9BpiieKgpfAmmnZ4xI7xjzMefUt6C3p8MIrVlWq7DNKqnm17XwzfhxnP8AC9WQ1tVHNJAkTido1LGNCOXsObDi/tc+mFuA80enM3oY4MnyHVKRZZV081QlQaBGbgqr83BBIcWIPofbFGlo5czaCgp9eZbPA4po4CuXod7xsxjQC97ra/vfDNksNfTahpcvmmp6rK2oKmXLqyLu0bNF5XA4uLizDuD7YzbJMl/o7+IOQ0IrYas9WBzNT8o1z2B9e2AY5vR5xNqOmy+DV9LNVoKmRnXLYz0JQEDgrfuwc/bAygynPp/6M09HnFOBW5bMsbSUKf2WmATet/zX3KPT15GLOmQv+2jOVv5j17D2suGXL8vky3OtJ0crxyNT5RVxM8ZupIMHb24wABIspzeLOsqSk1VBKczoGihqly2N1MMYDKLE8ghib4gpKfU02TyImexiTMM0loJYnolHTcMyuysDwCsZNgO/w74JZGt6r8OLdv4VL2/6CYaq6gjgnoiACr5sKhbcWZka5+9/vhoBQ1JpzMMzpcqyqTUImy9qk0zsaQBxKitt3WI3AbSP15xTzHK66i01msFRmYany4JQmI0i/wBZGCpTzXuP74Px+eG+RfNQe2eyH9JMea4o1GnM1df+IeFmt8Qyj9hisbJpGXuY5qPODmUOXoYVD0lMtMyWsGVSdhUDsbEYBhQQD1xDf8mwn9sMhojvOxEFzwx5Pp6YpTUUHUPVhqKp/wAzooIB+HfFpUrE7gHaCu0KdoPDqQb/AE7HDt+D6outYC7KSaaVVN7X47W+hwlxtM8StI5MZsu1m+H+u+CFMZ1IaKaSBo7MkoO0g3PII+vwxwN2LI3DK6SSkmyOlkj2Sx5dVr078jzxYyXTWQ5lkmr9Nx5pRtSvLUo0cbEbtoYA8DtgfLneYzTtM2c5kKp12dWKqa7AX4NjyL/Aj98RUz55mNfTymvq5KhDthlkqX33PO1WvdSRz3GHm9gaZpfLpm/FnPK5zsjjaVApHL7gOR7cYbMky6KlOnlVb+HopYlY97HZx+gwCyenq3iWoeWZZzGFd3ZhIbehPri+I6pSB4ibgWBDnjEXi6SfJTxsLo7VOYZLUFAhMcp2r2Xy47STrUeWOx5SrCm/+XcuAvQqbLtqJlCiy2c8D2xx4aptt8RIUvcqXNr974erpexeOQZqaZ42og6kE5q0oHsQ/P64pZ671GmM0isS8dUVA9uoCP54gdKpmRmqJGZRZSWNxitT5sHrazKJG3loRLYnzBr2J/l98NYuF9g8bsJbUsv54iRiu8sCkC7qP8kZthtzTxkMTihpOtNbhpPKq/uf9c4ybUEOYpmkgzSRnqeLkgqLfBQR2+XGOqOMU+CTp2KEajkk2Ppi5RLU5hUwZbRx9aR5AFCjm/z9B6nA0ubX+PwxJBUeGVnjdlktYFTa2IuN0aQYGVis1OmU0M7TsJhHJOONzDlyPYEN9sbBXaZoKiKOKKN6dY3EitEQGVgABz9B9hjGNN19TlVYK2kZOsARd0DAg9++Dsmqs4lnEzVsqsCSApAUf9vY45a2Gq1GssrJFI1Ix5Rr8HWij2TsZiDw+0Ake9uL4lBBteNgfhbGUU2us5hi6bSRSg/naPzD5Wtiu+pKupBFRXVdiCD5zY/QY5I/F1ZP7SSN6hLhGxbVxw7RIRuYC/YHGSUWe1NMD4XMHUWtaTkfQNf9MTx6wzaEuFq1k3Cw6iL5fcW9fnhv4ir+ZphqV2jUJpoIwWkdVUC+M4/i0Sa7p6wsOgxMRsbWDArc/HnnFB9TZnMky1NcxR129MAKOe/YdrXwviUrP1IztIbcpHob3xahgHTbU30KVa8djcI5oJtxjcNb5jGG6uzNcz1DWVPDR79kXsi8D72v9cEs1z7M66m6c9c7La21LID8wtr/AFwoyt5zY/rimGwbottu7MTq50TblchJVAb/ABWxHJA6uo4IPIIwUkpY54FlEnKcSEC5HPe3rizmuSVWUyRJVoo6kYlhkQ3WZD6qfr8xcY6lNGLAm7I3H5RY4kWpYdxcYsUVN46ojpUkVJJpEjXd8WNuT9cQ1VFUUdZNSzxnqxSNGwXkFgbG2NKS4E0XqCFswdUhkTqm/kJ5xeGR1ptbZyLjnvhdjeSCXfG7RyC4BHBHpgjLLmVBS0NcKktFUK4iO7dt2mzKR8eQfkcYk532ZtZbboJrp+u+C/rjoabrm58o++PafWsqUxE8G6W1lK8Am/7DDdk2dUVdArSMI5GWMlb+rDEpTqo2sj6FA6Zr/Tp/c4+OmswXvs++NLgSCVQUkU7hcY6emUf+cT1FRGskPRj2aU02Xs0coBa1uPcf/MAuPUjDJrOtjnzB0p2uCSWNvfjAvL8oq6+Ey00LOgbaSPjYH98dUJNq7IPknoagI1nIt2IGLWZ5jUzUlFTO3UpqHqCK45UM1yL/AGtgTCFlWXcouAxDDvxgjEirk0LFQxnMgYn02kAW+HfGcqzBckjhhrY1mjmENTEb2F/OBzcW9cWVfwzrFmpk3HzKWXcp59DfkY7pqWGDLpZIlIc00TE3PJPJxLXN0KGhBAl8Qyk9TnZz2X74xJG0UqnKoqmISUjBHuQA3Cv+vfvgYKVhDJ4g9Jo22hHJB3G3p8v2wal/ss8aw8Bzfnm3btgbnOYVE0ksEpRlWS4YoNwsB698OnJvYUl2Q5bUVEa1VJT7NlXH0pQ6ggAEG/ta3fHFN1BSTKkSlg6MJLeZe4sD735H+XEorHEU0vSgMjxqCxiXgEAm3pzc4qGd+hTxjaFkA3AKObEgc/LFDIRhzGro6s1FBUzRqkV06zgmxsGHvyT9Bi4upM8Mhp5qtwGG0g2HHN/3GBdaNlKjg82sAeyj2xXgLVHTV2O0sFsDwATz/PCdn0FyOpDtKzSEEsfQ3x6lVNGNqTPGP8KkgY4qFVGKqLAG2I91uLA/PG1wI//Z"
